,genes,logfoldchange,pvals
0,LY6D,4.192713737487793,3.888226083289831e-36
1,NAP1L1,0.64523845911026,2.0277897781745563e-19
2,KRT17,2.065964698791504,3.9545116086450175e-18
3,RPL32,0.3361194133758545,1.5731758228426723e-15
4,SNCG,1.2734261751174927,6.349936785730652e-13
5,RPS4X,0.2664490044116974,1.808821891630666e-11
6,MALAT1,0.4371102750301361,9.036754108160066e-11
7,ADIRF,0.5584976077079773,1.1756374312306253e-10
8,KIAA0101,0.8542742729187012,2.2541358942532557e-10
9,RPL34,0.2870052456855774,6.377879987764738e-10
10,DHFR,1.280320167541504,1.0503462826381986e-09
11,RPS3,0.21966522932052612,1.288957810999797e-09
12,PCNA,1.056510090827942,3.039192902588339e-09
13,CLIC3,1.2978436946868896,3.570935798837887e-09
14,PERP,0.45502662658691406,3.6679522859976262e-09
15,FXYD3,0.6119964718818665,3.835376440567475e-09
16,TIMP3,0.9697169065475464,4.164936001399669e-09
17,RPS13,0.24462853372097015,4.403045519585231e-09
18,WDR34,0.6944075226783752,6.759205869779837e-09
19,CFD,1.2263387441635132,7.897310310782758e-09
20,EEF1A1,0.2425948977470398,1.2654408844129922e-08
21,RPS24,0.2276463359594345,2.6774650132882407e-08
22,USP1,0.8587965965270996,3.263546086879934e-08
23,RPS18,0.20514778792858124,5.760821073731449e-08
24,RPL39,0.238898366689682,6.491825063695489e-08
25,CALML5,2.530318260192871,7.37249049253687e-08
26,RPS11,0.1879337728023529,1.0464748241080959e-07
27,ATAD2,0.9721441864967346,1.0614111010985832e-07
28,NASP,0.8062607645988464,1.1164577815531139e-07
29,RPL26,0.19285772740840912,1.1484802745957991e-07
30,CDK1,1.0425541400909424,1.5277650249102136e-07
31,HELLS,0.9538750052452087,1.6060399065435324e-07
32,GSN,0.9224151968955994,1.9174205384144357e-07
33,E2F8,1.8521572351455688,1.9714346143819625e-07
34,MDK,0.5403453707695007,2.0880385914997307e-07
35,RPS3A,0.20578807592391968,2.6298769689255753e-07
36,KLK5,1.189409852027893,2.7191230616780554e-07
37,HES4,0.6282547116279602,2.794809630842767e-07
38,RPA3,0.4772782623767853,2.900788284024119e-07
39,CYP1B1,2.9529221057891846,6.999831484665285e-07
40,ZWINT,0.8455876708030701,7.651687339934218e-07
41,TK1,0.5259206891059875,1.0652314530398197e-06
42,BRK1,0.4992634952068329,1.1935280149090178e-06
43,RRM2,0.9398038387298584,1.455302417047385e-06
44,SMC2,0.6446671485900879,1.5523229065660872e-06
45,TPT1,0.1990845650434494,1.566680688945487e-06
46,STAG2,1.043348789215088,1.581166088917073e-06
47,H3F3A,0.26008012890815735,1.613488541124882e-06
48,NUSAP1,0.8565582633018494,1.742842844757144e-06
49,HMGB2,0.7914089560508728,1.916840009611085e-06
50,SSR4,0.45551344752311707,2.855826678980708e-06
51,DUT,0.8121859431266785,3.89005242921925e-06
52,TYMS,0.7378686666488647,4.618172063823393e-06
53,RAD51AP1,1.1442135572433472,6.112433030931461e-06
54,RPL12,0.20056679844856262,6.395291742310008e-06
55,CCNE1,1.605944275856018,6.4623230854095605e-06
56,CLSPN,1.0931918621063232,6.518695515230519e-06
57,CKLF,0.6373841166496277,7.925572054448751e-06
58,SYNE2,0.926115095615387,1.0022029796083915e-05
59,RPS25,0.15485648810863495,1.1856269886869986e-05
60,GMNN,0.6060933470726013,1.4929421310944454e-05
61,SPANXD,0.9290239810943604,1.57496125089126e-05
62,IVNS1ABP,1.0192241668701172,1.7666718575264738e-05
63,RCN3,1.090898036956787,1.960961250844019e-05
64,RFC4,0.7464205622673035,2.091258045229718e-05
65,CST3,0.2900882065296173,2.1155006054131507e-05
66,CYBA,0.343545138835907,2.6216680404200746e-05
67,HIST1H4C,0.8355687260627747,3.1085106393713004e-05
68,RPS27,0.17235447466373444,3.299677162963092e-05
69,MT-ND6,0.6085295081138611,3.3103223335590837e-05
70,DERA,0.5238900184631348,3.535873071620612e-05
71,MANF,0.4606277048587799,3.751879622146398e-05
72,RPL37A,0.1375497579574585,3.800203042514476e-05
73,FBXO5,1.0083116292953491,3.8737973516538615e-05
74,DSCC1,0.9714524149894714,4.025063635858613e-05
75,WDR76,1.0279572010040283,6.019018886986692e-05
76,ASF1B,1.164249062538147,6.376436816717991e-05
77,SOX4,0.5832334756851196,6.63951517994085e-05
78,SERPINB1,0.6883593797683716,6.891445203946842e-05
79,EEF1B2,0.22407077252864838,6.955826380191063e-05
80,RPL31,0.15341877937316895,7.06439455543012e-05
81,RPL29,0.18315641582012177,7.174564445674448e-05
82,RPL23A,0.15266451239585876,9.720903496619915e-05
83,MCM3,0.8103421926498413,0.00010487439525209795
84,FAM111B,1.1951011419296265,0.00011569417930614225
85,CRIP2,1.110585331916809,0.0001176262943038693
86,CSRP2,0.42936068773269653,0.00012049102910285546
87,MCM7,0.7160034775733948,0.00012832712780596294
88,BST2,0.6085997819900513,0.00015899621991253974
89,PDLIM4,0.844271719455719,0.0001618415691561566
90,AURKB,0.6922007203102112,0.00017016579883722812
91,RPS6,0.1697746217250824,0.00017524882535723763
92,HSPB11,0.4630233943462372,0.00019108830890601276
93,RPL36A,0.2824220061302185,0.00021039769208700977
94,RPL13,0.13919226825237274,0.0002128589534547639
95,SGOL1,0.741490364074707,0.00022040595046453408
96,RPS8,0.1306409388780594,0.00022394830525981788
97,UBE2C,0.7321445345878601,0.000224272973850196
98,RNASEH2A,0.6988443732261658,0.00022655805542746028
99,RPL9,0.13920238614082336,0.00024282578341805632
100,HIST1H1A,0.8598206639289856,0.00024635003040198486
101,UBE2T,0.5324108600616455,0.0002616823899243498
102,TXNIP,0.9902458190917969,0.00026584338519267055
103,RPS15A,0.12134146690368652,0.00027161749485190965
104,RPL28,0.1257013976573944,0.00027949929322987875
105,TOP2A,0.7817150950431824,0.00029422923611357836
106,FEN1,0.753823459148407,0.0003154491732027362
107,EMP2,0.47112783789634705,0.00031904680827903064
108,FTH1,0.22405964136123657,0.0003305385101002633
109,FABP5,0.5002964735031128,0.0003347695079017428
110,ATP1B3,0.3505445122718811,0.000342899991617885
111,CAT,0.3655936121940613,0.00035469321026321824
112,STMN1,0.23708805441856384,0.0003648095443395374
113,RPL23,0.19252841174602509,0.00039074609806112945
114,RPL7A,0.18918748199939728,0.0003918404780620521
115,IMPDH2,0.5357683897018433,0.0003923887414641157
116,LINC00958,4.659496784210205,0.0003945889711939248
117,PNRC1,0.7192950248718262,0.0004207339606180168
118,CEP295,1.0283211469650269,0.00042426102845018486
119,BTG3,0.7696965336799622,0.0004313981449389584
120,EIF4A2,0.3101884126663208,0.0004319979367401007
121,PRDX2,0.2197517305612564,0.0004429282139305692
122,S100A6,0.19881916046142578,0.00044354295673074877
123,NUF2,0.7761838436126709,0.00045035789248365374
124,NDC80,0.9468425512313843,0.00047009303733911724
125,KIFC1,0.7152872085571289,0.0005120066108198056
126,TUBB,0.38120606541633606,0.0005408692932853883
127,RMI2,1.1185909509658813,0.0005453272134104951
128,ALDH3A1,1.1762585639953613,0.0005650432863155344
129,SLC25A1,0.697109043598175,0.0005696864597087909
130,RPLP1,0.0801929458975792,0.0006542610631900029
131,FOS,0.8634477257728577,0.0006631528428267441
132,SLFN13,1.861204981803894,0.0006886511687502776
133,CDC6,0.8059082627296448,0.0006886511687502776
134,DNAJC9,0.49342674016952515,0.0007364634939785722
135,IGFBP3,0.6609733700752258,0.0007384386470335399
136,SMARCC1,0.7647920846939087,0.0007544179025633233
137,HOXB7,0.5199196934700012,0.000771747271365257
138,CKAP2,0.6634376049041748,0.0008172435386638596
139,OXR1,0.5766547322273254,0.0008172435386638596
140,KLK11,1.1004290580749512,0.0008325851864448076
141,ZDHHC12,0.3062920570373535,0.0008504454321060413
142,RPS23,0.12409479916095734,0.0008813923897567148
143,UNC5B,1.1022255420684814,0.0008919378775622012
144,CKS2,0.5165875554084778,0.0009194211160690102
145,JOSD2,0.4506494402885437,0.0009806085850120286
146,CDT1,0.7508321404457092,0.0009831843561480939
147,RAD51,1.121581792831421,0.001005332700403429
148,FBLN1,0.6434522867202759,0.0010252579984538933
149,PCED1B,1.6134989261627197,0.001038743911355512
150,TUBB4B,0.4617893695831299,0.0011859900741532107
151,CD74,1.4339624643325806,0.0012154632763169938
152,TMEM107,0.4720301330089569,0.0012186047596219986
153,CTHRC1,2.0571014881134033,0.0012682666278487468
154,MCM10,0.933894693851471,0.001313035961338381
155,GTF2I,0.5801063179969788,0.0013838141745413214
156,CDCA5,1.0485997200012207,0.0014414824619227973
157,FAM50A,0.5268464684486389,0.0014451592663555434
158,PLA2G16,0.42793720960617065,0.0015615411137182096
159,RPL41,0.09562034159898758,0.001591452113998431
160,PDPN,1.225605845451355,0.0015995169829718192
161,PPDPF,0.17301537096500397,0.0016280412122494062
162,BRCA2,0.764532208442688,0.0017425039804678456
163,KIF20B,0.6073051691055298,0.0017468821150355143
164,RPS16,0.096949502825737,0.0017600772766852451
165,MAD2L1,0.4869960844516754,0.0018137794244445452
166,MYBL2,0.9776391983032227,0.0018573570781754626
167,FANCD2,1.3326607942581177,0.0019113951882086745
168,MKI67,0.5606754422187805,0.0019474113275579255
169,DGCR6L,0.4648200571537018,0.001961991440745408
170,ITGB3BP,0.5211898684501648,0.0020113185855750726
171,LIN7B,1.0700736045837402,0.0020490580082938364
172,RPS9,0.12421304732561111,0.0020822898589189964
173,MCM5,0.7655060887336731,0.0021003880087218105
174,MCM2,1.0841819047927856,0.0021688800174430043
175,SUPT16H,0.3744811415672302,0.0022038883972691986
176,CHD1,0.8193594813346863,0.0022394139866316436
177,HJURP,1.0007578134536743,0.0022449258012625663
178,RPL21,0.10044361650943756,0.002267097587570558
179,KRT13,0.8331423401832581,0.0023262563980992546
180,NPC2,0.21262226998806,0.002380995751892411
181,CDC45,0.9358015060424805,0.0024161729350564796
182,GINS2,0.7136731743812561,0.002552365531669447
183,MALL,0.5172619819641113,0.0029083419969150727
184,FAM111A,0.6021602749824524,0.003054949977879718
185,EAPP,0.5978869199752808,0.0030622710824420537
186,ARPC5,0.21743883192539215,0.003136367090636251
187,ARHGEF39,1.2657392024993896,0.0032274379124356332
188,CHAF1A,0.6931370496749878,0.003412798688092751
189,S100A14,1.0189802646636963,0.003465752590787576
190,LMNB1,0.9192425608634949,0.0035236152812942634
191,RPS17,0.11476518958806992,0.0035865852803101178
192,ROCK1,0.5998956561088562,0.0036505772434088407
193,CXXC5,0.5790871381759644,0.0037243553492090626
194,PBK,0.816232442855835,0.0037728137022988517
195,PSAP,0.25724637508392334,0.004014423780965172
196,RABIF,0.485018253326416,0.004042642957217851
197,CASP8AP2,0.9436143040657043,0.004052089287978791
198,BCAM,0.7727898359298706,0.00435000320921107
199,ID2,0.5411005020141602,0.004395600541784362
200,SMC4,0.4277596175670624,0.00442623898078757
201,S100A4,1.1775087118148804,0.004431364162708656
202,RFC1,0.4361964762210846,0.004545487480621075
203,RPS12,0.12478431314229965,0.004555993220272289
204,RPL18A,0.09932468831539154,0.004566520949044563
205,ANKLE2,0.5048824548721313,0.004614168925682266
206,COMMD6,0.19168224930763245,0.004705400849263767
207,TPP2,0.6580604910850525,0.004727103118836661
208,MIS18BP1,0.6289847493171692,0.004748895952852767
209,APP,0.3537580370903015,0.004770779681690009
210,CKAP2L,0.6276207566261292,0.004825888845598058
211,CCNE2,2.1893675327301025,0.004859230187223682
212,ATP6V1D,0.41115009784698486,0.004932185736099509
213,PRC1,0.45288950204849243,0.00494916169629252
214,ETFB,0.19294783473014832,0.0049832722377187
215,RDX,0.2602822482585907,0.005098514919337149
216,RPL13A,0.08916476368904114,0.005508581344650965
217,VRK1,0.7064164876937866,0.0057634788377507705
218,KLK1,1.544948935508728,0.0057895447299328015
219,ATAD1,0.7702399492263794,0.0059148150315502844
220,RPAIN,0.35992664098739624,0.006221306272226066
221,C21orf58,0.9110660552978516,0.006256228734814488
222,TCIRG1,1.0634698867797852,0.006498418606120511
223,CDCA7,1.0176209211349487,0.00652018801254826
224,RBBP4,0.7069934606552124,0.006549315917212269
225,CISD2,0.3348758816719055,0.0065858903434279
226,HLA-A,0.16979606449604034,0.006862299428365878
227,NHLRC3,0.7570446133613586,0.006877533168597983
228,C9orf3,0.6799085736274719,0.007149087497484547
229,POLD3,0.7423117756843567,0.0072443841913992085
230,SSRP1,0.2560795247554779,0.007268385790011039
231,PPARG,0.45959779620170593,0.00746298197037875
232,NCAPG,0.6418244242668152,0.007495865118741945
233,MMS22L,1.4364233016967773,0.00762033717592966
234,LARP7,0.48941096663475037,0.00783191254071673
235,PHF3,0.49922364950180054,0.007874853773138048
236,UPF2,0.4070790112018585,0.008252942539645623
237,SYNGR1,0.7987781763076782,0.008261925355351663
238,FRMD3,2.1577343940734863,0.00839772137693941
239,THYN1,0.37011340260505676,0.008425118936776055
240,BAZ1A,0.4157009720802307,0.0086098212652102
241,RFC2,0.6066213846206665,0.008712943018965033
242,CDCA4,0.5823058485984802,0.00873181057243316
243,PRIM1,0.8526949882507324,0.00878863248818338
244,MSH2,0.7301994562149048,0.008826697082406553
245,SMARCA1,0.7534093260765076,0.008855342114027227
246,HPRT1,0.5121859312057495,0.00921552067750367
247,KIF11,0.8034988045692444,0.009275144294320203
248,MTF2,0.7579252123832703,0.00932509333855087
249,LAMA4,1.0871994495391846,0.00932509333855087
250,PKMYT1,0.7270780801773071,0.009598987839916799
251,RIBC2,1.4588439464569092,0.009660818738956554
252,C9orf16,0.35732120275497437,0.009954082166210217
253,HNRNPU,0.22780203819274902,0.010103666681175221
254,ARHGAP5,0.6728965044021606,0.010453114588729148
255,RECQL,0.636408805847168,0.01047530791720665
256,RPUSD3,0.32846108078956604,0.010486420293453725
257,SMC1A,0.4533809721469879,0.01064309839519563
258,C19orf48,0.4444451928138733,0.010665650099984266
259,CISD1,0.3299906253814697,0.010756282419726062
260,DBF4,0.5279204249382019,0.010985865535548846
261,TMEM97,0.7839331030845642,0.011137419641014319
262,ID3,0.29359734058380127,0.011137419641014319
263,ASS1,0.9068431854248047,0.011374207204494485
264,MIB2,0.6741731762886047,0.011398130022571439
265,EIF4EBP2,0.7633846402168274,0.011422097495677701
266,SMARCA5,0.5747645497322083,0.011566844033093366
267,TNFRSF21,0.7865501046180725,0.011861228576065811
268,SLC7A5,0.32512181997299194,0.011973324078465152
269,GRN,0.29285871982574463,0.011985836925603238
270,LBH,0.648594856262207,0.011998361364076294
271,IRS1,1.42577064037323,0.012061157742881386
272,SYPL1,0.26681262254714966,0.012353788549418541
273,ALOX5,2.0112719535827637,0.012366653088134753
274,CTNNBIP1,0.34084972739219666,0.012457037584904483
275,PNISR,0.28222018480300903,0.013448906549943067
276,LIG1,0.7821066379547119,0.013532306893929143
277,KATNAL1,0.4804440140724182,0.013560208378856067
278,SPC25,0.580486536026001,0.013771094554399241
279,SLITRK6,1.7529487609863281,0.013941883462308617
280,HTRA1,0.8077607154846191,0.014056778991546936
281,PXDN,0.8446632027626038,0.01411453951803546
282,RPS28,0.09453020989894867,0.01423068924962518
283,CARHSP1,0.2532634437084198,0.014539603682240613
284,CLCN3,0.7075441479682922,0.01464388112162437
285,COMMD4,0.447488933801651,0.014763862126155764
286,EIF4B,0.3094818890094757,0.015006425890478218
287,ACD,0.6376955509185791,0.015052295396127882
288,BSG,0.14791741967201233,0.015129019044085134
289,KIF15,1.0024795532226562,0.015129019044085134
290,RHOBTB3,0.2375919073820114,0.015691668463825362
291,EPHX1,0.7442508339881897,0.015803185476202686
292,GPR137B,0.8202305436134338,0.015931486487706724
293,KLF4,1.0918736457824707,0.01601213893293802
294,MPC2,0.28722116351127625,0.0160931501206428
295,APLP2,0.1196410059928894,0.016158218251923134
296,TRA2B,0.24284841120243073,0.016371289344795873
297,LSM3,0.18899397552013397,0.016437344415135918
298,SYTL1,0.7845630645751953,0.01662020453226794
299,CHEK1,0.47575587034225464,0.016821723398198173
300,SEC11A,0.13192011415958405,0.01711087906924921
301,F8A3,1.4233373403549194,0.017317605790913227
302,SLBP,0.4998149275779724,0.017369628475367507
303,ADGRF1,0.6715993881225586,0.017491548005558473
304,PCDH7,0.5476006865501404,0.01763180274675899
305,PLAC8,0.3325164020061493,0.0176846518549169
306,RPL10,0.19040490686893463,0.017808506663751736
307,ANP32B,0.1714816689491272,0.017986760372995503
308,DEK,0.1168423444032669,0.018166575025029413
309,MRE11A,0.5613119602203369,0.018329752078236172
310,HSDL2,0.6107803583145142,0.01860456600618018
311,FGD5-AS1,0.6271489262580872,0.018678455859447367
312,BDH2,1.126778244972229,0.018752602322846652
313,WEE1,0.6053059697151184,0.01878977201126026
314,H2AFZ,0.16934314370155334,0.018827006125880695
315,RPS14,0.0802101269364357,0.01914611024878058
316,TEX30,0.45266222953796387,0.019165027448272354
317,C9orf142,0.2685723900794983,0.019259858717446093
318,THOC2,0.549190878868103,0.01950834170350842
319,TSEN34,0.26337820291519165,0.019546817384251583
320,SMCHD1,0.6322827339172363,0.02003338523189837
321,KIAA1586,0.7808683514595032,0.020092477899001746
322,GATA2-AS1,0.6913183927536011,0.020191303752937845
323,CEP55,0.4504653513431549,0.020370259446546666
324,THUMPD3-AS1,0.4130665361881256,0.02043021802592659
325,SMCO4,0.9573771357536316,0.020470275878489198
326,C4orf27,0.41740912199020386,0.020671594308379615
327,TTC3,0.35126256942749023,0.021369044564624486
328,KLF5,0.43788444995880127,0.021641082941951377
329,SMC5,0.5196616053581238,0.02185238978783935
330,TTC14,0.5483461022377014,0.022001370729054368
331,LINC00511,1.145063042640686,0.022065489708841188
332,RPL4,0.10511162132024765,0.022194215450696515
333,RPN1,0.2727748453617096,0.02225882287916791
334,RP11-545E17.3,0.35158300399780273,0.02241020989216144
335,LAMA3,0.6884478330612183,0.022606165048160137
336,CTNNAL1,0.29351896047592163,0.022759602506272018
337,BID,0.3410247564315796,0.02295820830241467
338,ADAR,0.6012462377548218,0.023136008829350286
339,RC3H2,0.9225796461105347,0.02315831775179144
340,RPL3,0.08655902743339539,0.02315831775179144
341,RECQL4,1.3930565118789673,0.023382436278343615
342,GTF3C5,0.5618810653686523,0.023563084311378303
343,CUTA,0.11138886958360672,0.023905065506921494
344,DTL,1.2167301177978516,0.024089209525131067
345,TAF15,0.4729767441749573,0.024391066989614938
346,CETN2,0.2584635317325592,0.024554959374954204
347,LGALS8,0.533385157585144,0.024814432348198506
348,YIPF3,0.32484567165374756,0.025316389361930938
349,NAGK,0.5036892294883728,0.025388810073505037
350,TMEM59,0.21734926104545593,0.025388810073505037
351,BRCA1,0.7389451265335083,0.02546140998690064
352,BLM,1.2192778587341309,0.025582809031790887
353,CKS1B,0.2647179961204529,0.025607148837480866
354,P4HA2,0.5047681927680969,0.026597306303778216
355,SLF1,0.8955140709877014,0.027079103149032918
356,TMEM98,0.585899293422699,0.02720713698065065
357,CENPQ,0.8449903726577759,0.028838667879996806
358,TMEM106C,0.24967354536056519,0.02902806019726259
359,CTSF,1.0749567747116089,0.02941005837201863
360,CENPM,0.45253095030784607,0.03007497623616541
361,SH3BGRL,0.7625496983528137,0.030187042766918862
362,BTD,0.905547559261322,0.03029946795039459
363,LGALS3BP,0.19754658639431,0.03032763039151289
364,HEXA,0.418809711933136,0.030895620157994335
365,CAMK2N1,0.4198084771633148,0.031211889522966385
366,CDCA7L,0.3362562656402588,0.03132758336281899
367,PFDN5,0.1701582670211792,0.031970497412989615
368,CEP78,0.603283166885376,0.03202950103265658
369,TM9SF2,0.6317530870437622,0.032177418581179146
370,UNG,0.5985475182533264,0.03220707223481582
371,FAM213B,1.0082284212112427,0.032774957010567624
372,AY269186.1,0.4086471199989319,0.033016619218129595
373,CCDC14,0.7072927355766296,0.0330469339728477
374,RPL10A,0.08651533722877502,0.03310763496188367
375,CKB,0.42896199226379395,0.03316843135438379
376,RPL38,0.07147930562496185,0.0332293232672152
377,COL5A2,1.0118000507354736,0.03329031081732489
378,CDC25C,0.9086468815803528,0.03353521973227367
379,MND1,1.0852855443954468,0.033812582906772186
380,TUBA1A,0.5932517647743225,0.03384352178147898
381,PSIP1,0.46219176054000854,0.033998579491268735
382,DDX11,0.9449502229690552,0.034091905316692095
383,SLU7,0.44179195165634155,0.034185450028598345
384,FGFBP1,0.2927037477493286,0.034719690523666344
385,PAFAH1B3,0.34600645303726196,0.035005399282687664
386,XPNPEP1,0.8786346912384033,0.03506916199541892
387,MIER1,0.4210532605648041,0.03529311286524111
388,HLA-DPB1,2.0246055126190186,0.03548604108303615
389,S100P,2.842496871948242,0.03567986840052222
390,FAM127B,0.4655292332172394,0.035972302273540965
391,CCDC109B,0.5607219934463501,0.03603756439450875
392,FANCI,0.6008723378181458,0.03616839152020839
393,BARD1,0.6967049837112427,0.036266777362442534
394,BUB1B,0.7664685845375061,0.036497231785199445
395,RNASET2,0.578680694103241,0.03686189516305405
396,FOXP1,0.7716151475906372,0.03692852991072903
397,RAD51C,0.43352389335632324,0.03692852991072903
398,B3GALT4,1.3368842601776123,0.037296857441091694
399,HYLS1,0.7679318785667419,0.03733049629295821
400,MRPL57,0.3155662417411804,0.03790631986389609
401,C3orf14,0.9367408752441406,0.03804290037778844
402,MELK,0.4827842712402344,0.03842065648390621
403,TPBG,0.6121000647544861,0.03950243750404877
404,AP3B1,0.45760005712509155,0.03967931738135414
405,CRIP1,0.4505385756492615,0.03975025730170109
406,SVBP,0.43870487809181213,0.03975025730170109
407,DNMT1,0.2805541753768921,0.03982130481981745
408,NAB1,0.788720428943634,0.04028574499140121
409,HNRNPA0,0.18987825512886047,0.04093639351146671
410,NUP107,0.5932977795600891,0.04141182529129027
411,ATP1B1,0.5576784014701843,0.04155904946852152
412,LDOC1,0.4111313819885254,0.04185482762621406
413,PHPT1,0.1880873739719391,0.041891924873046035
414,RPL11,0.0823497325181961,0.04252684828274384
415,CD68,0.7825960516929626,0.04252684828274384
416,HRH1,1.1794562339782715,0.04260207745145141
417,RAD18,0.876412034034729,0.04267741912743758
418,GDA,0.5029517412185669,0.042866266372117254
419,TMUB1,0.6264166235923767,0.04320797176227531
420,TOMM7,0.11503927409648895,0.04355197608291807
421,E2F1,1.0898165702819824,0.04382113184435022
422,SRGN,1.9699870347976685,0.0439369135616618
423,FAM213A,0.20942239463329315,0.04405295345343067
424,ANXA6,1.1739245653152466,0.04467621106907608
425,USP48,0.4272374212741852,0.04510900197374598
426,GBA,0.9914671778678894,0.04546572790308347
427,SCP2,0.34892404079437256,0.04550551047712844
428,CHMP2B,0.32923147082328796,0.04582482836051688
429,DDX6,0.22568944096565247,0.04622662819790926
430,DPYSL2,0.9373690485954285,0.0463477450732445
431,CD44,0.1118360161781311,0.04683488752024613
432,PGRMC2,0.40718725323677063,0.04798832851865823
433,AKR7A2,0.22809311747550964,0.04807162271989986
434,TIPIN,0.7919284701347351,0.048113315353068814
435,BUB3,0.22040683031082153,0.04925055295117807
436,MRPS22,0.40075305104255676,0.049335682637088776
18654,EMC6,-0.29078051447868347,0.0499780985665861
18655,LINC01133,-0.33050984144210815,0.0499780985665861
18656,SMYD2,-0.4455137550830841,0.0499780985665861
18657,IFITM2,-0.7084324955940247,0.04984905728809065
18658,FSTL1,-0.7934947609901428,0.04980610566062212
18659,AKR1C3,-0.5224637389183044,0.04980610566062212
18660,MARCH7,-0.477026104927063,0.049378293755577465
18661,CLPB,-0.6555719971656799,0.04920803435062947
18662,DLG1,-0.4583985209465027,0.04899590310974836
18663,OSTC,-0.33831068873405457,0.04853191513587672
18664,OCIAD2,-0.37065744400024414,0.04848991799171312
18665,OST4,-0.16123902797698975,0.04848991799171312
18666,BZW1,-0.38890165090560913,0.04848991799171312
18667,ATIC,-0.3654787242412567,0.04832223450284121
18668,PVT1,-1.2517344951629639,0.04823857558027968
18669,YKT6,-0.6662851572036743,0.04823857558027968
18670,SDHB,-0.24958951771259308,0.0481550383632131
18671,KLF6,-0.3787006437778473,0.0477391732514435
18672,CSDE1,-0.3029480576515198,0.04757367453885836
18673,B3GNT2,-1.8166414499282837,0.04736747969965137
18674,METAP2,-0.3344601094722748,0.04736747969965137
18675,CTU1,-1.0394026041030884,0.047121038395521224
18676,SRP68,-0.6091812252998352,0.0470391313329436
18677,EPS8L2,-0.275619238615036,0.046998222735263086
18678,PTP4A1,-0.5104165077209473,0.046550200203394676
18679,C1orf43,-0.33847784996032715,0.046550200203394676
18680,OGFOD3,-0.6195871233940125,0.046388176688685216
18681,ATF6B,-0.41891422867774963,0.0463477450732445
18682,TIMM44,-0.5152910947799683,0.04610577793700499
18683,KPTN,-0.8068392872810364,0.04610577793700499
18684,UBE2S,-0.4396681785583496,0.04606555368838046
18685,SAFB2,-0.5075665712356567,0.04582482836051688
18686,ARPC1A,-0.2841183841228485,0.045664934248940706
18687,ST14,-0.4159225523471832,0.04562503425220472
18688,TIMM10B,-0.5324890613555908,0.04558516363547203
18689,RNF7,-0.3092147707939148,0.04554532238251963
18690,AUP1,-0.3089696168899536,0.045227647509542286
18691,SOD2,-0.46357131004333496,0.04499061896271074
18692,SLC39A10,-0.45934221148490906,0.04491184258686964
18693,USF2,-0.4247594475746155,0.04440262651255374
18694,ZFP36L1,-0.40741729736328125,0.04432471964861488
18695,CAPRIN1,-0.32539916038513184,0.04401424477670198
18696,MRPL13,-0.1866626739501953,0.04370560786828937
18697,ASNSD1,-0.45897752046585083,0.043667157077275615
18698,TUFM,-0.20127345621585846,0.04328421808385954
18699,CYB5R1,-0.6169158220291138,0.043246080724165525
18700,RPUSD2,-1.067747950553894,0.04316989118221505
18701,CTSZ,-0.551262378692627,0.043093815103709285
18702,ASAP1,-0.42603251338005066,0.04294200282626741
18703,DCTN1,-0.7445424199104309,0.0427151321954291
18704,SFPQ,-0.28787752985954285,0.04263973421808196
18705,MISP,-0.5867365002632141,0.04252684828274384
18706,MT-CO2,-0.051712486892938614,0.04245173149411378
18707,EIF1AX,-0.31498983502388,0.0419662028587502
18708,YES1,-0.9489157199859619,0.041817758188966034
18709,NSA2,-0.316669225692749,0.041817758188966034
18710,EGLN2,-1.1784327030181885,0.041780716545485215
18711,PAIP2,-0.41093820333480835,0.04174370267995932
18712,NTPCR,-0.5380136370658875,0.04166975821954411
18713,NFU1,-0.42328864336013794,0.04133837898617963
18714,SLC16A3,-0.39199545979499817,0.04130169722432021
18715,CHCHD2,-0.17273887991905212,0.041191817312466086
18716,ZFP36L2,-0.3861408829689026,0.04111870169187132
18717,LRRC8D,-0.5987698435783386,0.04104569604757303
18718,PDZD11,-0.3894190788269043,0.04104569604757303
18719,SURF6,-0.8536928296089172,0.040682313069240285
18720,CEBPZOS,-0.33535104990005493,0.040357603467607
18721,RWDD4,-0.6164589524269104,0.04028574499140121
18722,RALA,-0.3463301956653595,0.04003509420659246
18723,ADAM15,-0.4814472496509552,0.03992807811527163
18724,FKBP3,-0.2742868661880493,0.039785767603255716
18725,MYCBP2,-0.5292906165122986,0.03953775983614712
18726,FAM177A1,-0.37591835856437683,0.03946714196255623
18727,HDAC3,-0.566322922706604,0.039115656616602976
18728,ZNF622,-0.42134198546409607,0.038801596261570565
18729,SFSWAP,-0.5152162313461304,0.03869738668849842
18730,TMA16,-0.502189576625824,0.037940425832639735
18731,TRIM27,-0.48995426297187805,0.037940425832639735
18732,LSM5,-0.29262158274650574,0.03756669210210449
18733,BRI3,-0.18659478425979614,0.03756669210210449
18734,MCL1,-0.7192113399505615,0.037431567836407456
18735,GEMIN6,-0.49664536118507385,0.037397851475368844
18736,CACUL1,-0.4403972029685974,0.03733049629295821
18737,ARF1,-0.23661299049854279,0.03706210719047658
18738,HIST1H2BD,-0.7946339845657349,0.03699526721269416
18739,SFXN4,-0.7226550579071045,0.036895199725197766
18740,MRPS36,-0.3214006721973419,0.03662947940844766
18741,EIF2B2,-0.8815242052078247,0.03653025549086272
18742,RPL36AL,-0.16207797825336456,0.036266777362442534
18743,CDC20,-0.5255596041679382,0.036266777362442534
18744,CCDC130,-1.4388628005981445,0.036201161490304654
18745,MTHFD1L,-0.7568623423576355,0.03616839152020839
18746,TXNRD1,-0.38130655884742737,0.03613564684065303
18747,ACP1,-0.2778194546699524,0.03607023329287076
18748,DBP,-0.8150929808616638,0.03590714095323472
18749,FAM181B,-0.8877766132354736,0.03587459805571752
18750,LY6K,-0.42959338426589966,0.03571226059317614
18751,IQGAP1,-0.30206498503685,0.03567986840052222
18752,POLR1C,-0.9733909368515015,0.03564750127279066
18753,YDJC,-0.41019877791404724,0.03564750127279066
18754,MRPL55,-0.30530694127082825,0.03561515919497857
18755,PFDN4,-0.40338337421417236,0.03548604108303615
18756,MED28,-0.39005047082901,0.03545382402994689
18757,HMBS,-0.5584833025932312,0.03542163193686106
18758,FKBP2,-0.31306904554367065,0.03542163193686106
18759,ATXN10,-0.3642914891242981,0.03538946478880947
18760,WDR77,-0.8853841423988342,0.03535732257082781
18761,ATP6V1E1,-0.3705716133117676,0.03526104534773158
18762,KPNA1,-0.8945425748825073,0.03516499195701306
18763,SRP14,-0.08481767773628235,0.035101080515368074
18764,CCT6A,-0.2476312816143036,0.03503726825616249
18765,PSAT1,-0.49270638823509216,0.034624897910961336
18766,DCTPP1,-0.5502672791481018,0.03459334953795228
18767,UBE2K,-0.32568204402923584,0.03437319770734954
18768,SNAPC5,-0.860761821269989,0.033998579491268735
18769,NDUFS5,-0.17050530016422272,0.0337816682201241
18770,TBL2,-1.1568344831466675,0.03353521973227367
18771,POPDC3,-0.8323997259140015,0.03332084049292682
18772,LAMTOR1,-0.2566896975040436,0.0332293232672152
18773,VAT1,-0.5456098318099976,0.03295606111533844
18774,MEST,-0.5324931740760803,0.03292581773809849
18775,TMEM40,-0.45448780059814453,0.03280508171679608
18776,SNHG15,-0.9221478700637817,0.032385486378094
18777,RAD23A,-0.2709589898586273,0.032296173743650465
18778,PPP4R2,-0.685756266117096,0.03226644980159357
18779,MZT2B,-0.2250141054391861,0.03220707223481582
18780,PSMC6,-0.29340559244155884,0.03211818146115868
18781,PGAM5,-1.173950433731079,0.03202950103265658
18782,SEPT10,-0.6036789417266846,0.03176471792399898
18783,GYG1,-0.754278302192688,0.03170613278921852
18784,COX6A1,-0.15813831984996796,0.03167687498408618
18785,NUDCD2,-0.48658692836761475,0.03156007517683687
18786,RNF126,-0.6489838361740112,0.031501813920276796
18787,MRPS17,-0.884252667427063,0.031501813920276796
18788,FBXO2,-0.5414499640464783,0.031443644942145924
18789,SNCA,-0.5477026700973511,0.031269690532650496
18790,GSPT1,-0.34978681802749634,0.030952918195612845
18791,PTOV1,-0.3424627482891083,0.030895620157994335
18792,SPATS2L,-0.27509602904319763,0.030809843839355186
18793,NIPBL,-0.3805237412452698,0.030638904451226655
18794,KIAA0040,-0.7880231738090515,0.030553740615314098
18795,L3HYPDH,-0.9352483749389648,0.030525397887819918
18796,LYPLA2,-0.543545126914978,0.030468780174581378
18797,DNAJA2,-0.4759933054447174,0.030412252689338812
18798,VDAC3,-0.3586246073246002,0.03029946795039459
18799,YIF1A,-0.34582656621932983,0.030130964726321804
18800,SNAP47,-0.7323980331420898,0.03010295929448024
18801,CDV3,-0.5867583751678467,0.030047015537300333
18802,PFDN1,-0.4767533242702484,0.029907546942390024
18803,THBS1,-0.8355726003646851,0.02924581854138676
18804,TAF7,-0.32837486267089844,0.029136764297883488
18805,RTCB,-0.5659142732620239,0.029000938777750878
18806,RAP1GDS1,-0.7340354323387146,0.028919705350756653
18807,PRSS22,-1.294989824295044,0.028730922093627487
18808,UQCRQ,-0.15508921444416046,0.02851647008791287
18809,TMEM203,-0.6037794351577759,0.02848976077747239
18810,CYC1,-0.2557030916213989,0.02848976077747239
18811,ZNF511,-0.3805636465549469,0.02840976210244474
18812,RIOK1,-0.5550664067268372,0.0283299570228766
18813,STOML2,-0.35968732833862305,0.028250345167576185
18814,PTGES2,-0.5146276950836182,0.028118087122515057
18815,TLN1,-0.503227949142456,0.028091699647146688
18816,PIM3,-0.5855624079704285,0.028091699647146688
18817,PCGF5,-0.46106255054473877,0.027620361996846633
18818,PAAF1,-0.5805932879447937,0.027620361996846633
18819,ATP5A1,-0.3305351138114929,0.027438914670506416
18820,TSPO,-0.22516638040542603,0.027387261828129603
18821,SCO2,-0.7161899209022522,0.027232806343250145
18822,NDUFB5,-0.35130342841148376,0.02718148850148372
18823,RAB2A,-0.2659916281700134,0.026900729677308936
18824,SMUG1,-0.49219706654548645,0.026521913980244807
18825,TIMM17A,-0.34508299827575684,0.02639667034062696
18826,DPY30,-0.2743972837924957,0.02637168302742939
18827,EIF3B,-0.4460344612598419,0.026271938045733412
18828,SRP9,-0.22572751343250275,0.026122931921457437
18829,CCND1,-0.30553749203681946,0.026048703188017386
18830,CRACR2B,-0.6099514961242676,0.02595001522699719
18831,NCL,-0.2568965554237366,0.0258516506982073
18832,TIPRL,-0.43691959977149963,0.025631508672783722
18833,DNPEP,-0.5387983322143555,0.025485649841913646
18834,TRIM28,-0.32428625226020813,0.025437190082583286
18835,DNTTIP1,-0.7106810808181763,0.025437190082583286
18836,DEXI,-0.7418897151947021,0.025437190082583286
18837,A1BG,-0.32660236954689026,0.0251960854408674
18838,VDAC1,-0.27976757287979126,0.025004628427256093
18839,RAB7A,-0.3288671672344208,0.02486186352007206
18840,NT5C,-0.5699633359909058,0.02483813812865084
18841,PPP1CB,-0.3737451434135437,0.024484603307203447
18842,NIP7,-0.7302262187004089,0.024437796366766493
18843,C14orf166,-0.23789182305335999,0.024043058589547694
18844,POLE4,-0.372331440448761,0.02402001188652502
18845,SFN,-0.22711719572544098,0.02399698434293508
18846,CPNE3,-0.4782625436782837,0.023744942228202545
18847,TPTEP1,-0.6779846549034119,0.02372214360071851
18848,PSMD8,-0.25914859771728516,0.02363113889765608
18849,SNRPC,-0.25502923130989075,0.023608435109988415
18850,TFAP4,-1.4434845447540283,0.023540437275031342
18851,LDHB,-0.18473802506923676,0.023495199864783253
18852,C7orf50,-0.27316975593566895,0.023472609465510323
18853,MRPS34,-0.22051750123500824,0.023202991639519024
18854,PTEN,-0.7491273880004883,0.02315831775179144
18855,TSR3,-0.3918890953063965,0.02295820830241467
18856,POLR2K,-0.2029297798871994,0.022869753967043646
18857,PON2,-0.5888203382492065,0.022825637930081768
18858,WDR74,-0.7501042485237122,0.022759602506272018
18859,LAPTM4B,-0.3444570302963257,0.02254068183948489
18860,NOP58,-0.4664739668369293,0.022518890772134516
18861,NDUFC1,-0.48223403096199036,0.02241020989216144
18862,NCKAP1,-0.48742201924324036,0.022388528520541434
18863,SRSF5,-0.3328494727611542,0.022194215450696515
18864,EFTUD2,-0.7884658575057983,0.021894865933323106
18865,ADAM17,-1.4015259742736816,0.02162005040470554
18866,LINC00162,-0.4241807162761688,0.021536098094443155
18867,FAM173A,-0.378561794757843,0.02138986435335841
18868,DYNC1H1,-0.41306620836257935,0.02089503630109426
18869,AC098973.2,-0.49762535095214844,0.020712064495740205
18870,NDFIP1,-0.39064744114875793,0.020712064495740205
18871,LTBR,-0.7227920889854431,0.020651385081116275
18872,TBC1D2,-0.7688762545585632,0.020530491094695177
18873,GJB3,-0.584219217300415,0.02043021802592659
18874,ZCCHC9,-0.6585046648979187,0.02043021802592659
18875,MAP2K2,-0.47428780794143677,0.020370259446546666
18876,PFN2,-0.39857757091522217,0.020250802630172475
18877,BOP1,-0.5402253270149231,0.019935234507251973
18878,LINC00998,-0.5279732942581177,0.01979852883629743
18879,COX5A,-0.18971024453639984,0.01972077939896717
18880,PPT1,-0.5057389140129089,0.019623967652337437
18881,AP2A2,-0.5455381870269775,0.01943158878319532
18882,WDR46,-0.5574464201927185,0.019355099831574737
18883,HMOX2,-0.47522425651550293,0.019240859722243132
18884,CDK5RAP1,-0.8871728181838989,0.01901414629446637
18885,COX6B1,-0.1635681390762329,0.01895783420393536
18886,RNF26,-0.5907384157180786,0.01890166799946367
18887,SNRNP27,-0.4467164874076843,0.018882978296929007
18888,SPP1,-1.712193250656128,0.018827006125880695
18889,MYL6B,-0.34587013721466064,0.018696968389625226
18890,WBSCR22,-0.5182267427444458,0.01851256343852753
18891,LYRM7,-0.8078407049179077,0.018475874041927295
18892,RNF216,-0.5813422799110413,0.018420959267715177
18893,DRG2,-0.6073185205459595,0.018347961825453913
18894,FAM104B,-0.698759913444519,0.018329752078236172
18895,SPINT1,-0.3912466764450073,0.018329752078236172
18896,ARFIP2,-0.49085551500320435,0.01802259807019289
18897,MAF1,-0.2672251760959625,0.01800467141131255
18898,VASP,-0.5930324196815491,0.017950985113333505
18899,BLCAP,-0.5984694957733154,0.017808506663751736
18900,DGUOK,-0.33688366413116455,0.017755333266376974
18901,MRPL27,-0.3715849220752716,0.017719961675982554
18902,RPS6KA4,-0.7534654140472412,0.0176846518549169
18903,CCDC167,-0.5177716612815857,0.017544028490862753
18904,SEC11C,-0.8680482506752014,0.017474085122269493
18905,LUC7L3,-0.3690339922904968,0.01724845480077526
18906,DEF8,-0.6080896258354187,0.01716235673823501
18907,BABAM1,-0.5361033082008362,0.01712802322034532
18908,CALM1,-0.2197621613740921,0.01711087906924921
18909,HSPA8,-0.29852089285850525,0.01707663592822508
18910,G6PD,-0.38184699416160583,0.01704245292945007
18911,RAB10,-0.32783377170562744,0.016906320616294074
18912,TMED9,-0.2605665326118469,0.016821723398198173
18913,CCDC84,-0.7099140882492065,0.016720697420300686
18914,PRPF40A,-0.2864994704723358,0.016703911648356606
18915,LIPA,-0.7031866908073425,0.016653643073024544
18916,MAPK1,-0.664824903011322,0.016603507382472207
18917,C15orf61,-0.5876555442810059,0.016570157270339204
18918,AIFM2,-0.5133115649223328,0.016570157270339204
18919,KNOP1,-0.5154785513877869,0.01645389472007339
18920,TPM1,-0.31576892733573914,0.016420808735817808
18921,NHP2,-0.2682419419288635,0.016387781211320677
18922,MTCH2,-0.3142804205417633,0.01617452137024117
18923,PCID2,-0.5793788433074951,0.0160931501206428
18924,NRBP1,-0.36731699109077454,0.01596370450100334
18925,MRPL2,-0.5482400059700012,0.015899325662606382
18926,EIF4A1,-0.34792712330818176,0.015851191468940984
18927,TIMM10,-0.3873516321182251,0.015549307025343347
18928,FASTK,-1.1852914094924927,0.015455031950453084
18929,MRPS35,-0.4137718379497528,0.015392461720146312
18930,RPUSD1,-0.8648544549942017,0.01537685404517554
18931,TNNT1,-0.3708047866821289,0.015345680482056496
18932,COX19,-0.4664481282234192,0.015314562565920791
18933,SURF2,-0.5536852478981018,0.015144405036443506
18934,TAP1,-0.6754238605499268,0.015098288352821622
18935,C22orf39,-0.4500499963760376,0.015067612651294918
18936,GCLM,-0.6598325371742249,0.015021702025923879
18937,IMP4,-0.5039867758750916,0.014975914667918292
18938,MRPL24,-0.5358604192733765,0.014869555327539988
18939,RRS1,-1.567531704902649,0.014824176876006932
18940,ITGAE,-0.3745429515838623,0.014748817273400706
18941,METTL5,-0.48812904953956604,0.01464388112162437
18942,PCBD1,-0.29438164830207825,0.014614020502879112
18943,ZNF593,-0.5084502100944519,0.014554460260687763
18944,ISCU,-0.3177589774131775,0.014554460260687763
18945,PYURF,-0.432863712310791,0.014362364954552549
18946,SMAGP,-1.2120299339294434,0.014259858118698494
18947,POLDIP3,-1.1879703998565674,0.014259858118698494
18948,TMOD3,-0.5489683151245117,0.01411453951803546
18949,POLR2F,-0.23802049458026886,0.01410007978463857
18950,SKA2,-0.40066537261009216,0.013956199918553706
18951,CDC42,-0.3157636821269989,0.013941883462308617
18952,MARVELD3,-1.2104287147521973,0.013899011851810477
18953,BZW2,-0.3826874792575836,0.013899011851810477
18954,MAP2K3,-0.691803514957428,0.013842030774751924
18955,GPN1,-0.5649672746658325,0.013842030774751924
18956,PUS1,-0.8602325916290283,0.01379943042741461
18957,TAP2,-0.8815577626228333,0.013393558975762356
18958,YIPF4,-0.44871190190315247,0.013393558975762356
18959,TXNDC9,-0.5281447172164917,0.013201424519915487
18960,IFITM3,-0.30107229948043823,0.013052175486862482
18961,TCP1,-0.2577090263366699,0.0129177915967439
18962,COPZ1,-0.3306120038032532,0.012904420767216698
18963,ECE2,-1.3961105346679688,0.012891062183551202
18964,S100A13,-0.22846482694149017,0.01261334411468943
18965,ADAM9,-0.6043878793716431,0.012561050085892481
18966,TBRG4,-0.7873159050941467,0.012482968950681177
18967,CHID1,-0.2886795997619629,0.012431153935616536
18968,STX4,-1.3009557723999023,0.012302448857545372
18969,ACTN1,-0.4720762372016907,0.012276849960988498
18970,TMEM167A,-0.3550654947757721,0.012073751919286451
18971,PRKCDBP,-0.3159966468811035,0.012048575212100865
18972,HNRNPK,-0.23309411108493805,0.012036004317883577
18973,CUL4A,-0.6095511317253113,0.011998361364076294
18974,SH2D3A,-0.6890869736671448,0.011873637506913805
18975,FAM136A,-0.5065032243728638,0.011713215940941275
18976,DGUOK-AS1,-0.783907413482666,0.011639825858429115
18977,TKT,-0.2841036319732666,0.01159112606472162
18978,PSMD12,-0.4463943839073181,0.011554719952558015
18979,SDHD,-0.33967459201812744,0.011506336325756561
18980,HSPB8,-1.235275149345398,0.011470166688302209
18981,MRPL47,-0.3835888206958771,0.011255260484461557
18982,SOX15,-0.47078031301498413,0.011125696044635395
18983,IDH1,-0.6871156096458435,0.011090590999417803
18984,HSPBP1,-0.5518174171447754,0.011020675978008196
18985,EXOSC1,-0.4459242522716522,0.010962712885657682
18986,CAPZA1,-0.41093936562538147,0.01083614669416224
18987,USO1,-0.5887599587440491,0.01081327471765745
18988,MRPL52,-0.28485211730003357,0.010801854830163535
18989,WDR18,-0.5652483105659485,0.010790445665140562
18990,TOB1,-1.539934515953064,0.010654368941533918
18991,PWP1,-0.4590045213699341,0.010486420293453725
18992,OLR1,-0.9661438465118408,0.01047530791720665
18993,PKM,-0.2094881385564804,0.010430963103148803
18994,PSMD9,-1.0030938386917114,0.010375767013176421
18995,ADRM1,-0.39722737669944763,0.01036475903540163
18996,AAED1,-0.7887663245201111,0.010353761451591703
18997,PSMD1,-0.41401004791259766,0.010353761451591703
18998,FAM207A,-0.558485209941864,0.010298929150918821
18999,CLIC1,-0.1738930642604828,0.010244355453197415
19000,RPS6KB2,-0.4795345962047577,0.01016838475887583
19001,EIF4G2,-0.47283321619033813,0.010114427490500033
19002,RPP40,-0.6757289171218872,0.01006072531811821
19003,HPS1,-0.614315927028656,0.01006072531811821
19004,ZMPSTE24,-1.3096028566360474,0.009869493888119035
19005,FXR1,-0.4513672888278961,0.009806473593537727
19006,EIF2S1,-0.4933726191520691,0.009723004434857156
19007,YARS2,-0.6692472696304321,0.009702236341018187
19008,CNPY2,-0.4210347533226013,0.009640169102656311
19009,ITGB1BP1,-0.5594590306282043,0.009609268424316248
19010,NUCKS1,-0.30879130959510803,0.00958871706309058
19011,IGFBP7,-0.2363988161087036,0.009578456085874777
19012,DHRS7,-0.4788617491722107,0.00945608583716465
19013,MRPL19,-0.766733705997467,0.009235357099609588
19014,SNRNP25,-0.49619969725608826,0.00919572228917977
19015,CCDC124,-0.4579882025718689,0.009185837338248489
19016,TM2D2,-0.5968548059463501,0.009185837338248489
19017,PSMB9,-0.4214310646057129,0.009156239365193953
19018,CTDNEP1,-0.5423756241798401,0.00908750823203521
19019,ELF3,-0.6309621334075928,0.009067955550886131
19020,SLC48A1,-0.5911991596221924,0.008961085704978809
19021,NOP16,-0.759391725063324,0.008903268414086432
19022,ANAPC11,-0.2335832566022873,0.00876018036334391
19023,ERCC1,-0.5468666553497314,0.008684709998837057
19024,RTKN,-1.2731902599334717,0.008675317178063855
19025,SSBP1,-0.31973955035209656,0.008637836624413723
19026,CCT7,-0.3263537287712097,0.0086098212652102
19027,FAM96B,-0.359684020280838,0.008581887158130153
19028,TRIP10,-0.8056683540344238,0.008572593810273654
19029,ERP29,-0.3114892840385437,0.00850779190651841
19030,EIF4G1,-0.5651391744613647,0.008489357703086222
19031,C17orf89,-0.40581774711608887,0.00828892631624209
19032,MDH2,-0.3266738951206207,0.00821709860537495
19033,BLVRB,-0.38050758838653564,0.008199228933476726
19034,TCEB1,-0.34737226366996765,0.007970067668448934
19035,MRPS12,-0.5418845415115356,0.007961369455772855
19036,SEC62,-0.33866673707962036,0.007918005782366644
19037,TMED2,-0.27542683482170105,0.007874853773138048
19038,SLC39A7,-0.6548190116882324,0.007704344674161332
19039,PDCD2,-0.5295273065567017,0.0076538411390477575
19040,BNIP3,-0.6044222712516785,0.007611981753854198
19041,MRTO4,-0.7387036085128784,0.007471190606303165
19042,RP11-20D14.6,-0.575006902217865,0.007413899790938953
19043,SERPINH1,-0.5113093256950378,0.007365107348890629
19044,BRIX1,-0.4374375641345978,0.00733273929165412
19045,HSBP1,-0.27749672532081604,0.007300498916657394
19046,ARL6IP4,-0.2597154378890991,0.007149087497484547
19047,BAG2,-0.5713953971862793,0.00706272236990996
19048,NPM3,-0.45413947105407715,0.007054917639237757
19049,MRPS7,-0.46465635299682617,0.006985022807304743
19050,STIP1,-0.47976794838905334,0.00682434763007305
19051,SERBP1,-0.23480892181396484,0.006741516791398746
19052,FLYWCH2,-0.6462648510932922,0.006711621254448799
19053,PTRF,-0.4165036678314209,0.0066744194423259936
19054,CALB1,-0.9427080154418945,0.00659322723147761
19055,GRWD1,-1.36333429813385,0.006563923710286858
19056,ATP5C1,-0.2083618938922882,0.006534737368179892
19057,C1orf122,-0.5742002129554749,0.006397690045251061
19058,LINC00116,-0.5294504761695862,0.0063620574512625
19059,MED8,-0.5931903719902039,0.006221306272226066
19060,NSFL1C,-0.6075576543807983,0.006145093907532812
19061,SMIM10L1,-0.6091064810752869,0.006138207374573598
19062,SNF8,-0.3905395567417145,0.006069723341345493
19063,ATP5J2,-0.20067556202411652,0.006028964041352958
19064,C20orf27,-0.562454342842102,0.005961579560853688
19065,PNO1,-0.9366977214813232,0.005948184385687283
19066,CMBL,-0.6016655564308167,0.0059148150315502844
19067,LSM10,-0.8130452632904053,0.005848582011891812
19068,PPP2R1A,-0.3816566467285156,0.005815716865321887
19069,PLEKHB2,-0.7291371822357178,0.005809163850632926
19070,MRPL30,-1.4361157417297363,0.005756978921252286
19071,KRT5,-0.3587193191051483,0.0056923423940784005
19072,RBAK-RBAKDN,-0.9900415539741516,0.005685914877009135
19073,SNRPF,-0.312053382396698,0.005546155630237345
19074,RBM28,-0.9932690262794495,0.005533605248062347
19075,HMGA1,-0.2112055867910385,0.005514827727125627
19076,ETF1,-0.7785199880599976,0.0053666656547048976
19077,HSPA9,-0.45167121291160583,0.005293940871204054
19078,PSMA2,-0.36552155017852783,0.005281906988087579
19079,MRPL32,-0.5386123657226562,0.005245953447230192
19080,FJX1,-0.7540786862373352,0.005204287183298425
19081,FSCN1,-0.3055151104927063,0.0051688114854374105
19082,CLDN7,-0.4149937629699707,0.005029083641451777
19083,ZFAND5,-0.5038793087005615,0.005017595232151419
19084,RAN,-0.2938273549079895,0.0049832722377187
19085,UGDH,-0.8549431562423706,0.00494916169629252
19086,CDC123,-0.36270323395729065,0.004937838528804191
19087,MRPL33,-0.22730585932731628,0.0049208977062721185
19088,UBE2J2,-0.4876200258731842,0.004870390192569914
19089,GTF2A2,-0.38765478134155273,0.004848093322232256
19090,NDUFA1,-0.30916205048561096,0.004825888845598058
19091,SNRPA1,-0.4633726179599762,0.004792754636708432
19092,CACYBP,-0.31969591975212097,0.004694583573168503
19093,NUDT3,-0.6333737373352051,0.004667638807987851
19094,NAPRT,-0.42839720845222473,0.004656900164376292
19095,UBE2J1,-0.7034314870834351,0.004550737604322545
19096,GCSH,-0.4277026355266571,0.004405791930034904
19097,CBR1,-0.465221107006073,0.004360098731517834
19098,BLOC1S2,-0.4018617272377014,0.004250207334647641
19099,COA4,-0.5148231983184814,0.004181590615416961
19100,MRPS9,-0.887639045715332,0.004133195644152986
19101,PUF60,-0.32655325531959534,0.004042642957217851
19102,NRG1,-1.533212423324585,0.00403321662059233
19103,MRPL40,-0.4983872175216675,0.004014423780965172
19104,DENR,-0.33709046244621277,0.003986383549148252
19105,YARS,-0.810875654220581,0.003944656539259778
19106,USP14,-0.6193737983703613,0.003880535787608266
19107,TNFRSF12A,-0.45821478962898254,0.003880535787608266
19108,TAF9,-0.4393453299999237,0.0038759921649982386
19109,NPM1,-0.18130065500736237,0.0038714533756492317
19110,MSN,-0.6411009430885315,0.0038669194150356134
19111,AURKAIP1,-0.2784891128540039,0.0038218443962118333
19112,CALM3,-0.3116753399372101,0.0038039484576398394
19113,HNRNPM,-0.37608852982521057,0.0036548800673794966
19114,ATP5D,-0.29704368114471436,0.003511142644555966
19115,RPL8,-0.10988524556159973,0.0035069940349199535
19116,SEC61G,-0.2981787919998169,0.0034821959080350803
19117,HOTAIRM1,-1.0295979976654053,0.0034739653951632136
19118,CEP112,-0.772122859954834,0.003420897205066575
19119,HSPA4,-0.7282127737998962,0.00328948360118877
19120,UBE2L3,-0.29332470893859863,0.0031930076721364844
19121,BYSL,-1.3812065124511719,0.0031854021117894774
19122,MLLT11,-0.5559400320053101,0.003181605526480221
19123,HSP90AA1,-0.28828877210617065,0.0031589124928341093
19124,PSME3,-1.0605735778808594,0.003110249576162707
19125,PARL,-0.675780713558197,0.0030622710824420537
19126,UBE2F,-1.2494573593139648,0.0030622710824420537
19127,SNRPN,-1.016413688659668,0.003004147573114632
19128,KRT19,-0.20561064779758453,0.002975464828255044
19129,LAMTOR5,-0.3462983965873718,0.0029718971081241744
19130,NARS,-0.6527287364006042,0.0029683332915567775
19131,CFL1,-0.168193981051445,0.00291884761835195
19132,ZC3H15,-0.3463115096092224,0.002842603943399293
19133,USP34,-0.6743496656417847,0.0028357636622346797
19134,MGST1,-0.2592886984348297,0.0028153328963048613
19135,PDAP1,-0.40805089473724365,0.00278493869222483
19136,OAT,-0.46574878692626953,0.002778225255337552
19137,ODC1,-0.5724859833717346,0.002676039790155741
19138,C8orf33,-0.843953549861908,0.002637414968461683
19139,MRPL14,-0.344066858291626,0.002549264269710537
19140,DCUN1D5,-0.5996056795120239,0.002549264269710537
19141,MT1E,-0.5919074416160583,0.002536893654041308
19142,EMC8,-0.7950124740600586,0.002521507601598062
19143,ADI1,-0.49923861026763916,0.0024940276339482158
19144,UQCRFS1,-0.34851837158203125,0.0024191257339803277
19145,BCL2L1,-0.6380982995033264,0.0023897458174010205
19146,ASNA1,-0.4343116879463196,0.002349162531963393
19147,ECHS1,-0.3635864853858948,0.002286662276895422
19148,RAC3,-0.8116370439529419,0.0022698831219472083
19149,GLRX5,-0.5947881937026978,0.0022587597639459273
19150,DDX18,-0.4381866157054901,0.0022147639455835358
19151,CIB1,-0.4687790870666504,0.002184973893699714
19152,ACAT1,-0.5245564579963684,0.0021555515458901095
19153,AIMP2,-0.6611285209655762,0.0021475905507486984
19154,COTL1,-0.4697236716747284,0.0021238690331370903
19155,MOB1A,-0.5312967896461487,0.0020874461079382904
19156,H3F3B,-0.23535478115081787,0.002054138726464929
19157,NDUFA4,-0.17102670669555664,0.002051596924432795
19158,MYEOV2,-0.4193979501724243,0.0020490580082938364
19159,UPP1,-0.9462149739265442,0.0018550397477917026
19160,SRI,-0.46235159039497375,0.001816049353822598
19161,DRAP1,-0.36580875515937805,0.0018002145158782827
19162,EIF3G,-0.3750697076320648,0.001793467084471423
19163,SSB,-0.4131120443344116,0.001788981719280843
19164,TXNDC17,-0.27617132663726807,0.001682260238942105
19165,UBB,-0.24553297460079193,0.0016445502207568163
19166,GTPBP4,-0.5656163692474365,0.001634214133907072
19167,MRPS14,-0.5283257365226746,0.0016035635100814002
19168,MIR4458HG,-0.8541147708892822,0.0015854280470517343
19169,COX20,-0.41545209288597107,0.0015458010775833348
19170,MYC,-0.7123154401779175,0.0015302072703302554
19171,SNRPD2,-0.20721104741096497,0.0014786416273388813
19172,UBL5,-0.2661809027194977,0.0014711399178183782
19173,AP3D1,-0.7619199752807617,0.0014396472949693984
19174,RP11-295G20.2,-0.6793219447135925,0.0014341547077928965
19175,ITPA,-0.6630169749259949,0.0014214137090533012
19176,PDCD5,-0.36334410309791565,0.0013926823080372113
19177,SEPT7,-0.37402063608169556,0.0013855836241408192
19178,C19orf24,-0.48338669538497925,0.0013679826478459841
19179,NOC2L,-0.5763756632804871,0.0013523183265932992
19180,PFDN6,-0.4825567901134491,0.0013385335653942245
19181,ANXA7,-0.5316851735115051,0.001309670352802076
19182,HNRNPH3,-0.4624929428100586,0.0013063127070481917
19183,MFAP5,-1.525954008102417,0.0012682666278487468
19184,COA6,-0.37612807750701904,0.0012217537409686269
19185,SLC27A5,-0.752992570400238,0.001213895341381685
19186,PEBP1,-0.3408457040786743,0.0012107650748652361
19187,MYDGF,-0.39043378829956055,0.0012107650748652361
19188,C6orf132,-1.1491130590438843,0.0011829263509443469
19189,MRPL11,-0.4399226903915405,0.0011586785499888208
19190,NCBP2,-0.6077688336372375,0.001117347186552208
19191,GPI,-0.5097002387046814,0.0011086697121088995
19192,C14orf2,-0.307243674993515,0.0011000545884558214
19193,RRP7A,-0.37385693192481995,0.0010986247678405764
19194,CORO1C,-0.6509577631950378,0.001080192831178416
19195,NEDD8,-0.2809091806411743,0.0010745792718505783
19196,RDH11,-1.2365530729293823,0.0010565210322249917
19197,COX7B,-0.27568191289901733,0.0010469140588862085
19198,MRPL3,-0.5915722846984863,0.0010279421479950622
19199,HIST3H2A,-1.0542227029800415,0.0010265992613388288
19200,TRIM16L,-0.7543876767158508,0.0010199091490233378
19201,YWHAQ,-0.2868906855583191,0.0010119342859487472
19202,NUDC,-0.44160881638526917,0.0010040171767409381
19203,RRAS,-0.6096522808074951,0.0009857663908070036
19204,BANF1,-0.2971973121166229,0.0009831843561480939
19205,CRELD2,-0.4732002019882202,0.0009729187148915247
19206,NDUFB8,-0.2935579717159271,0.0009267186093833422
19207,LYRM4,-0.5740306973457336,0.0009157923713065016
19208,RPS19BP1,-0.5599146485328674,0.0009109746880880757
19209,RP11-532F12.5,-0.8284784555435181,0.0008931167901074964
19210,THOC7,-0.6326096057891846,0.0008732703837158671
19211,TBC1D7,-0.6382701992988586,0.0008709625883038602
19212,SRSF9,-0.37684303522109985,0.0008640730864280341
19213,FBXO3,-0.5507693886756897,0.0008617878386275787
19214,SQSTM1,-0.5310733318328857,0.0008572341469922136
19215,RAB1A,-0.44138506054878235,0.0008359072502740721
19216,RPF2,-0.9161260724067688,0.0008347985319398282
19217,PTP4A2,-0.7392767667770386,0.0008194190264476264
19218,SNHG18,-0.8756993412971497,0.0007769140418718764
19219,VCP,-0.5101812481880188,0.000771747271365257
19220,COX6C,-0.21621693670749664,0.0007686625398438999
19221,ATPIF1,-0.34944042563438416,0.0007218055224181371
19222,PDIA6,-0.3259885609149933,0.0007140992108431144
19223,KARS,-0.5225080251693726,0.0007074189679103345
19224,MRPL12,-0.4716181457042694,0.0006886511687502776
19225,NOL7,-0.39280304312705994,0.0006757902149637784
19226,PHB2,-0.5527723431587219,0.0006703470295146619
19227,NUTF2,-0.3678992986679077,0.0006595827321489151
19228,REXO2,-0.4602543115615845,0.0006551452261898196
19229,EIF3J,-0.4124184548854828,0.0006498568690572821
19230,C16orf13,-0.3208828270435333,0.0006472276035546777
19231,RP11-54H7.4,-0.981892466545105,0.0006342290432112113
19232,TSTA3,-0.6072335839271545,0.0006139354351398603
19233,TIMM23,-0.9248282313346863,0.0005999281783008238
19234,NACA,-0.1736670732498169,0.0005838300363233687
19235,ATP5E,-0.18564404547214508,0.0005838300363233687
19236,HSPH1,-0.44700193405151367,0.000578291351215746
19237,COX7B2,-0.6193035244941711,0.0005696864597087909
19238,C19orf53,-0.348650723695755,0.0005543459254968255
19239,ATP5F1,-0.3749602437019348,0.0005543459254968255
19240,DHRS3,-0.7002390623092651,0.0005255325445717923
19241,TCEB2,-0.25031960010528564,0.0005183726648524575
19242,ASPH,-0.6671430468559265,0.0005071057008505024
19243,SKP1,-0.3000393807888031,0.000488608928189434
19244,SRSF2,-0.4868526756763458,0.00048059178816539736
19245,MRPS10,-0.6773350834846497,0.0004649242681390593
19246,GPATCH4,-0.96639484167099,0.0004591728043192518
19247,PSMC4,-0.6972342133522034,0.00045411619504427843
19248,LY6E,-0.4250085651874542,0.0004447748321851591
19249,SEC61B,-0.291665256023407,0.0004417011134504036
19250,SLC25A39,-0.3894188702106476,0.0004207339606180168
19251,LGALS1,-0.5426568984985352,0.0004080342902575592
19252,ATP5L,-0.19548436999320984,0.0004046334094135144
19253,YWHAE,-0.3344971239566803,0.0003853169110546068
19254,UBE2L6,-0.6364169120788574,0.00036944935643693974
19255,SFTA1P,-0.8410576581954956,0.0003458134127487574
19256,EIF3D,-0.4379516839981079,0.0003390511390540072
19257,C12orf75,-0.596127450466156,0.00033429690678017546
19258,MT2A,-0.46695512533187866,0.0003141098781589628
19259,FXYD5,-0.2727468013763428,0.00031366463072959264
19260,COPRS,-0.5919061303138733,0.000312775907899036
19261,HSPD1,-0.42412301898002625,0.0003101238636100495
19262,LMNA,-0.3117319941520691,0.00030836754665739506
19263,CISD3,-0.7245883941650391,0.00030057875538670384
19264,SERP1,-0.5014996528625488,0.00029972480013638214
19265,DDX21,-0.6059065461158752,0.00029759984232902647
19266,KRT7,-0.22317059338092804,0.00029422923611357836
19267,XRCC6,-0.35674312710762024,0.0002798989548620749
19268,PCNP,-0.615487813949585,0.0002779059881693435
19269,TPI1,-0.2609083652496338,0.0002564748677640963
19270,CD59,-0.30201148986816406,0.0002506424546536376
19271,LSM7,-0.3679346442222595,0.00024635003040198486
19272,PSMD13,-0.7860816717147827,0.00023253472907393212
19273,PSMD7,-0.4476228356361389,0.00021913091480264707
19274,ATP5G3,-0.3780737817287445,0.00021566018178711992
19275,NAA20,-0.5134254693984985,0.0002144109447948187
19276,CAV2,-0.43128901720046997,0.00021009192057451902
19277,TMX2,-0.6615489721298218,0.00019994060390038295
19278,CCT4,-0.43372082710266113,0.00019618244335472537
19279,PSMA4,-0.37548646330833435,0.0001944703868531675
19280,RUVBL2,-0.6138519048690796,0.00017862899708630391
19281,TMEM141,-0.5731909275054932,0.00017370911753399626
19282,FAM195A,-0.8361534476280212,0.00017243575542519592
19283,ANXA1,-0.2974577844142914,0.00017192887297206954
19284,TROAP,-0.8332056403160095,0.00016941541368442002
19285,HSD17B10,-0.7024021148681641,0.00015993939734658177
19286,GTF3A,-0.5147290229797363,0.00015141231874708793
19287,PSMD11,-0.4952366054058075,0.0001489609608126942
19288,PSMB4,-0.5798315405845642,0.00014056753846764864
19289,MLF2,-0.4787697494029999,0.00010647440131419409
19290,NDUFV3,-0.6649981737136841,0.00010361075559403159
19291,COX8A,-0.30387741327285767,0.00010066696100154336
19292,CCDC85B,-0.48260796070098877,9.839887019627089e-05
19293,RRP15,-0.8528943657875061,9.810012902396039e-05
19294,STRAP,-0.5655537843704224,9.810012902396039e-05
19295,RAD23B,-0.6581989526748657,9.559517713498268e-05
19296,PSMC5,-0.43657416105270386,9.357775183371572e-05
19297,GPRC5A,-0.6290061473846436,9.343519937870681e-05
19298,APRT,-0.41241833567619324,9.216142383382726e-05
19299,C1QBP,-0.39975258708000183,9.118206719238902e-05
19300,NME1,-0.5609842538833618,8.305407824289585e-05
19301,NQO1,-0.48363736271858215,8.141275966635414e-05
19302,GTF3C6,-0.5691670775413513,8.078968519874346e-05
19303,DBI,-0.3814680278301239,7.619950773699426e-05
19304,PRDX5,-0.32142579555511475,7.549768449053305e-05
19305,CCT3,-0.4894650876522064,7.331535327984502e-05
19306,MIF,-0.4853162467479706,6.870110393283993e-05
19307,TIMM8B,-0.40457984805107117,6.70166767964103e-05
19308,PHB,-0.5153920650482178,6.70166767964103e-05
19309,DCAF13,-0.7385661005973816,6.287693013934413e-05
19310,CCT8,-0.5105541944503784,6.142379666812731e-05
19311,MRPL4,-0.7455227375030518,6.104169822876708e-05
19312,PGAM1,-0.3231600224971771,5.870409685629165e-05
19313,FKBP4,-0.6871849298477173,5.861237937145172e-05
19314,GPX2,-0.681203305721283,5.5225979478051543e-05
19315,HDGF,-0.75887531042099,5.0333047956220443e-05
19316,CYCS,-0.47566619515419006,4.884686759325482e-05
19317,DAP3,-0.7741369605064392,4.7703052674264073e-05
19318,S100A2,-0.3283582627773285,4.614430675629794e-05
19319,TALDO1,-0.3207479417324066,4.3722580555549895e-05
19320,HMGN3,-0.3597090244293213,4.2692945399439856e-05
19321,PSMB5,-0.3855224549770355,4.255741149972067e-05
19322,SOD1,-0.3200431764125824,4.109323094510825e-05
19323,SHFM1,-0.3529852032661438,3.9740293688922474e-05
19324,ANAPC15,-0.5887572765350342,3.849116895668203e-05
19325,EIF2S2,-0.3311397135257721,3.552937432240666e-05
19326,PSMB1,-0.3112059235572815,3.547240641565014e-05
19327,RTN4,-0.44560346007347107,3.3103223335590837e-05
19328,OAZ1,-0.2275233119726181,3.179571978602645e-05
19329,HTATIP2,-0.49324020743370056,3.0488045713859388e-05
19330,ANXA2,-0.24069547653198242,2.7260952701022733e-05
19331,ISOC2,-0.6464577317237854,2.6474122815053975e-05
19332,PTGES3,-0.3993164598941803,2.074104111434915e-05
19333,RHOC,-0.5842989683151245,2.0503135361804793e-05
19334,YWHAZ,-0.35112157464027405,1.9003201235099186e-05
19335,MTDH,-0.5548841953277588,1.7725473672849998e-05
19336,VPS28,-0.6159199476242065,1.746253363572332e-05
19337,PPIA,-0.26271721720695496,1.708928417513499e-05
19338,EPCAM,-0.4850134551525116,1.593466875569917e-05
19339,NDUFB9,-0.2711195647716522,1.5881585112453767e-05
19340,AP2M1,-0.39968064427375793,1.3319672417503082e-05
19341,PSMA5,-0.5337486863136292,1.3141562490758644e-05
19342,PSMD2,-0.5063533782958984,1.300947359671168e-05
19343,SRM,-0.7001894116401672,1.2181275206225378e-05
19344,PSMB7,-0.4216018319129944,1.0967342949841257e-05
19345,SMS,-0.6568885445594788,1.0316424222463633e-05
19346,DMKN,-0.5697802305221558,1.0298880705071568e-05
19347,UBE2M,-0.6085938811302185,9.538256684960392e-06
19348,RP11-554I8.2,-1.1116865873336792,9.424871322059578e-06
19349,MRPS15,-0.6407716870307922,9.154843102535205e-06
19350,CAP1,-0.6469987034797668,8.460740147936313e-06
19351,ATP5B,-0.3831334412097931,8.160862038932563e-06
19352,RSL1D1,-0.6315177083015442,7.657060932693644e-06
19353,PGK1,-0.5386703610420227,7.500152834436667e-06
19354,PRDX6,-0.38012662529945374,6.198165892264893e-06
19355,GADD45GIP1,-0.47851070761680603,5.495035593882108e-06
19356,TPM2,-0.5736300945281982,5.4281315865065695e-06
19357,ALDOA,-0.326722115278244,5.241247183132557e-06
19358,HSP90AB1,-0.43730929493904114,4.708542640072328e-06
19359,NDUFA3,-0.5666020512580872,4.6919866128890215e-06
19360,SLIRP,-0.46981629729270935,4.29575392046172e-06
19361,PSMB2,-0.5117688179016113,3.740941386872758e-06
19362,EBNA1BP2,-0.7808433771133423,3.243571986433387e-06
19363,TIMM13,-0.5579315423965454,3.226213228686899e-06
19364,TOMM22,-0.671927809715271,3.1295175689623637e-06
19365,WDR43,-0.8760490417480469,2.9233249980674233e-06
19366,SUB1,-0.4199357330799103,2.876434479552237e-06
19367,SNRPG,-0.4465872645378113,2.7898251689170103e-06
19368,PSMD3,-0.9035061001777649,2.5539632632090285e-06
19369,AHSA1,-0.6946811079978943,2.46330009549565e-06
19370,SET,-0.4548218548297882,2.157888950835907e-06
19371,KRT10,-0.44672662019729614,1.8994100850171366e-06
19372,EMP1,-0.773813009262085,1.742842844757144e-06
19373,PRDX3,-0.663841962814331,1.6313857036984825e-06
19374,USMG5,-0.43616238236427307,1.6075648731446224e-06
19375,PSMB3,-0.4913449287414551,1.4392668043643449e-06
19376,PFDN2,-0.6764821410179138,1.3793565605729103e-06
19377,SCD,-1.1470388174057007,1.2002068424464482e-06
19378,MRPS18B,-0.7915995121002197,1.0108874480581053e-06
19379,NME4,-0.636917233467102,9.737147669514644e-07
19380,FTL,-0.3908453583717346,9.700707237765694e-07
19381,EIF3I,-0.5416155457496643,9.049772289708735e-07
19382,PDCD6,-0.6114529967308044,8.0979316115429e-07
19383,ACTB,-0.3486323952674866,7.479905183174307e-07
19384,SH3BGRL3,-0.4990173280239105,7.270397276098389e-07
19385,BOLA3,-0.7919442057609558,6.185869110812208e-07
19386,PARK7,-0.36236751079559326,5.875288389339343e-07
19387,MRPL28,-0.5957350730895996,4.944894286455164e-07
19388,UFM1,-0.5774264335632324,4.062029232267199e-07
19389,ATP5I,-0.7977436184883118,3.3911571844494234e-07
19390,MRPL36,-0.738645076751709,3.306359821082515e-07
19391,PSME2,-0.7873827815055847,2.07567369117831e-07
19392,UQCR10,-0.41499099135398865,1.6124667555685749e-07
19393,PRELID1,-0.5644734501838684,1.2575433610227426e-07
19394,KRT8,-0.5584970116615295,1.0234136966378255e-07
19395,PSMC1,-0.7924651503562927,1.0172101579390685e-07
19396,EIF5A,-0.6562054753303528,7.903468266793511e-08
19397,CAV1,-0.5545228123664856,7.10554399229067e-08
19398,PSMD14,-0.8204856514930725,5.880894416208377e-08
19399,TRMT112,-0.49940308928489685,3.297981470408372e-08
19400,GLRX3,-0.7132977247238159,1.73917938934815e-08
19401,POLR2L,-0.4373510181903839,1.1114656000822585e-08
19402,ANXA3,-1.34976327419281,8.487751385156474e-09
19403,TMSB10,-0.4089304804801941,7.777301076369282e-09
19404,PTMS,-0.7361926436424255,2.637805649042862e-09
19405,PRMT1,-0.6886637210845947,2.4321398970284374e-09
19406,HSPE1,-0.5643857717514038,2.226959341258567e-09
19407,PSMA7,-0.44581377506256104,2.456724592427119e-10
19408,CCT5,-0.5706188678741455,2.3645798284884056e-10
19409,UCHL1,-0.658698320388794,3.2982252969992634e-11
19410,GAL,-1.3141355514526367,1.9711086077413723e-11
19411,KRT18,-0.8294998407363892,1.6979146170723565e-11
19412,PRDX1,-0.3811686038970947,1.2742526773481884e-11
19413,PPP1R14B,-0.7839674949645996,1.1132275440526587e-12
19414,GAPDH,-0.32588645815849304,7.83535052278032e-13
19415,NDUFS6,-0.761015772819519,6.18073582382355e-13
19416,ENO1,-0.47760874032974243,4.740095677576635e-13
19417,PFN1,-0.42410868406295776,1.5274261364083818e-13
19418,S100A16,-0.7919395565986633,1.1411490432851887e-13
19419,POMP,-0.5492185950279236,8.301324828785182e-14
19420,PSMB6,-0.594867467880249,9.463510176244595e-15
19421,LDHA,-0.8266052007675171,7.02669623468623e-17
19422,HSPB1,-0.7042874693870544,2.7143599809404572e-17
