signature,log2FC
LINC00958,4.99405002593994
CCBE1,2.99693083763123
SRGN,2.78357696533203
LY6D,2.57270908355713
FHL1,2.51462554931641
CYP1B1,2.21343088150024
ADTRP,2.14435648918152
FRMD3,2.04061555862427
F8A3,2.03414273262024
PDZK1,1.90778362751007
PCED1B,1.90218615531921
RP11-66N11.8,1.83386933803558
SLC25A14,1.78618490695953
LRRC26,1.7569625377655
HLA-G,1.6638298034668
BRIP1,1.65746915340424
GPR153,1.6445335149765
SMIM10,1.62453901767731
ZNF275,1.59374856948853
PLEKHA7,1.58492207527161
F8A1,1.55972230434418
IL32,1.54071259498596
CCNE2,1.5224084854126
RGCC,1.51926386356354
ABCG2,1.51868641376495
PTGS1,1.51605880260468
HS6ST2,1.50944423675537
HLA-DPB1,1.50719785690308
MAGEA6,1.48929536342621
EEF1A2,1.47914004325867
FANCD2,1.45848512649536
TBC1D8,1.44046401977539
HPRT1,1.43740904331207
SPANXD,1.43144381046295
SLC6A8,1.4210889339447
ZNF768,1.39655947685242
HAUS7,1.37511265277863
CDC45,1.35001313686371
HPS3,1.33349168300629
KLK5,1.32538437843323
MPP1,1.31981527805328
UTP14A,1.30519986152649
IDH2,1.27977776527405
NUDT8,1.2762508392334
GALR2,1.27042067050934
FAM122B,1.26642048358917
KLF2,1.25919532775879
E2F7,1.25322937965393
THOC2,1.24400758743286
CCNE1,1.24385392665863
MTMR1,1.24118185043335
DUSP9,1.23968458175659
ETV5,1.23295962810516
SLC29A1,1.22967398166657
DHFR,1.22817897796631
STAG2,1.22015845775604
RRM2,1.21992957592011
NAA10,1.21286284923553
CTAG2,1.20724856853485
LDOC1,1.20715355873108
IRAK1,1.20603036880493
ATP11C,1.19995272159576
FAM50A,1.19022238254547
SLC10A3,1.1885187625885
TP73,1.17975223064423
RBMX2,1.17167806625366
SSR4,1.17078530788422
FAM127C,1.17011690139771
ASRGL1,1.17003393173218
MAGEA12,1.16707348823547
FKBP5,1.16401064395905
DSCC1,1.16124701499939
MAGEA3,1.15619719028473
TMEM121,1.15300476551056
KCNN4,1.14956104755402
AREG,1.14815723896027
EMD,1.1426305770874
FAM58A,1.13998663425446
SLFN13,1.13379335403442
FANCA,1.1301394701004
CDK1,1.1207720041275
GDI1,1.1202255487442
HTATSF1,1.11877024173737
TMEM187,1.11866664886475
P2RX5,1.11834359169006
MECP2,1.1021808385849
ORC1,1.09994506835938
PHF6,1.09982585906982
RECQL4,1.09649991989136
SMPD1,1.09565806388855
RIBC2,1.09557449817657
E2F8,1.0926628112793
ACOT4,1.0914169549942
LAGE3,1.08757650852203
MTFR2,1.08210182189941
MAOA,1.07703745365143
FAM111B,1.07422971725464
SAAL1,1.07275807857513
FAM127B,1.07262635231018
ENOX2,1.07188653945923
OXNAD1,1.07158732414246
AIFM1,1.06719851493835
CLDN3,1.06641960144043
VARS2,1.06448447704315
SLITRK6,1.06328880786896
E2F1,1.05658507347107
SERGEF,1.05650925636292
HIST1H4C,1.05645179748535
CENPI,1.05597960948944
POLA1,1.05438816547394
FAM3A,1.05389213562012
COL6A2,1.05310022830963
ASF1B,1.05001628398895
ABHD11,1.0483101606369
MND1,1.04790115356445
CD74,1.04602038860321
GINS2,1.04549086093903
KHK,1.04153430461884
POLE2,1.03365361690521
LAYN,1.03030288219452
IDH3G,1.02950251102448
WNT7A,1.02931559085846
RAD51,1.02803325653076
CTHRC1,1.02319574356079
MAP7D3,1.01862800121307
RAD51AP1,1.01525378227234
PCNA,1.01438915729523
VBP1,1.01390337944031
CLSPN,1.01380622386932
DCBLD2,1.01138019561768
MOSPD1,1.00781583786011
BCAP31,1.00599682331085
SKA1,1.00593817234039
XIAP,1.00514233112335
EXO1,1.00448751449585
PRIM1,1.00352299213409
S100A14,1.00111031532288
CCDC74B,0.997932910919189
HPCAL1,0.996938288211823
DTL,0.996063232421875
CSAG1,0.995602130889893
B3GALT4,0.995165884494781
DKC1,0.993236124515533
TEX40,0.985197186470032
ATP6AP1,0.984342873096466
GPC3,0.978771388530731
CHCHD4,0.978550910949707
CENPP,0.974963486194611
SNCG,0.973064243793488
ACADS,0.966037631034851
FEN1,0.965240240097046
NSDHL,0.964491367340088
TUBB2B,0.955150187015533
AURKB,0.945973634719849
RNASEH2A,0.944643080234528
RAD18,0.941920280456543
TUBB4B,0.940908551216125
KB-1732A1.1,0.939014673233032
TMEM185A,0.934344351291656
MRPS25,0.929129600524902
PRRT3-AS1,0.927309513092041
FAM127A,0.926594913005829
NEURL1,0.922776877880096
TSEN2,0.922710478305817
IL1B,0.921693801879883
HIST1H1A,0.92157769203186
MCM7,0.918675601482391
OGG1,0.918521702289581
COQ2,0.908946454524994
LINC00467,0.907501339912415
UBE2C,0.903703629970551
DUT,0.90349555015564
ATP6V0E2,0.899508893489838
TCIRG1,0.895489394664764
HMGB3,0.894105970859528
GLRX2,0.891754269599915
SERPINE2,0.880609512329102
NUF2,0.879479587078095
PHLDA1,0.876666605472565
PSPC1,0.875933706760407
CKMT1B,0.874727129936218
CCT7,0.872125566005707
KIAA0101,0.871922671794891
CLDN1,0.871843755245209
NDC80,0.870858669281006
BRCC3,0.868670463562012
TMEM131,0.868415713310242
MCM5,0.868161737918854
ZWINT,0.868057072162628
PPARG,0.868013083934784
KRT17,0.865388929843903
ZDHHC9,0.862944185733795
LIG1,0.861068785190582
BTD,0.860720932483673
NUSAP1,0.860496997833252
DUSP5,0.85991507768631
TUBA1B,0.859587550163269
TPBG,0.858916103839874
WWOX,0.857223987579346
ARSA,0.857054650783539
PARD6A,0.856463313102722
AP000251.3,0.853427350521088
TOP2A,0.850776016712189
HTRA1,0.850432395935059
HACL1,0.850362658500671
THUMPD3,0.848228931427002
MKRN2,0.844641983509064
HCFC1,0.844615697860718
PRADC1,0.843315660953522
MSH2,0.841373145580292
VRK1,0.838926613330841
L1CAM,0.836709856987
SPC25,0.836410522460938
MRPL17,0.835147976875305
CDCA5,0.835032880306244
UBL4A,0.835009634494782
ATG7,0.834813416004181
BLM,0.832965791225433
IDS,0.832749605178833
MAGEA4,0.829739391803742
C19orf81,0.829019844532013
DNASE1L1,0.828835725784302
FAM120C,0.828409433364868
FUNDC2,0.826371371746063
ATAD2,0.82608824968338
EDEM1,0.824203908443451
DDX11,0.822181820869446
VGLL1,0.821842014789581
MCM10,0.817809164524078
CHRNA5,0.815515279769898
HELLS,0.815178751945496
CRIP2,0.814670324325562
HSDL2,0.813859105110169
MCM2,0.813482761383057
CHAC2,0.812051117420197
BSPRY,0.807642638683319
ESCO2,0.807040631771088
DUSP4,0.806971669197083
ARHGEF19,0.804787337779999
LSM3,0.801423668861389
PSMA1,0.800855696201325
LAMA4,0.797638833522797
MYBL2,0.797574579715729
TAZ,0.796154975891113
UBE2T,0.79278552532196
UXS1,0.791029214859009
FOXC2,0.789565205574036
TUBA1C,0.789138495922089
C16orf59,0.788781821727753
BRK1,0.788754642009735
VMA21,0.786773860454559
CNFN,0.786133289337158
PLAA,0.785484611988068
STIM2,0.78519469499588
CFD,0.784798800945282
SMARCA1,0.784356117248535
FAR1,0.781136810779572
ESPN,0.78084397315979
VAMP7,0.779282152652741
WDR76,0.778103113174439
CAMK1,0.77563214302063
PAQR4,0.774830877780914
VHL,0.774795472621918
ABHD10,0.774506449699402
WBSCR27,0.772834479808807
CKLF,0.772027432918549
NCAPG,0.771771967411041
PIDD1,0.771128833293915
NAGA,0.76704466342926
C6orf141,0.765942215919495
NPAT,0.765666663646698
MAGEA10,0.764806270599365
DUSP6,0.759938538074493
KIFC1,0.758401334285736
MRE11A,0.758120894432068
GPATCH11,0.75669276714325
HYLS1,0.755896925926209
SLC1A4,0.755715548992157
G0S2,0.755671441555023
RAB3IP,0.755114316940308
C6orf203,0.75502073764801
STK26,0.754758417606354
SERPINE1,0.754640400409699
CCND3,0.754396140575409
CDC6,0.754385888576508
FBXO5,0.754238188266754
C3orf14,0.752433776855469
MTMR14,0.751765012741089
CSNK1G2,0.751208543777466
GFM2,0.750614762306213
TTK,0.750139653682709
NAP1L1,0.748539388179779
MKI67,0.746069073677063
FOSL1,0.745832681655884
LMNB1,0.742073655128479
HIRIP3,0.741443276405335
HIST2H2AC,0.740686357021332
TYRO3,0.740405559539795
MCM8,0.738907396793366
SMC2,0.73825865983963
SLC2A8,0.738082468509674
RPUSD3,0.736891210079193
TRNT1,0.734982907772064
NASP,0.734583854675293
BRCA1,0.734014809131622
FMR1,0.732014715671539
LRRCC1,0.730089902877808
KLF4,0.728077411651611
TEX30,0.72580486536026
EXOSC9,0.72546523809433
MMS22L,0.725231111049652
TMLHE,0.724258422851563
HMGB2,0.722356498241425
TIPIN,0.721994340419769
FANCB,0.721091151237488
HAT1,0.720267534255981
PITPNC1,0.719074070453644
S100A4,0.716997921466827
BRI3BP,0.716761946678162
TYMS,0.716131508350372
CDT1,0.713811755180359
BUB1B,0.713674604892731
KRBOX1,0.713451027870178
EIF2B3,0.713099002838135
MTHFD2L,0.711982250213623
SPHK1,0.711589753627777
RPL10,0.709523916244507
ADAP1,0.709144830703735
CETN2,0.708310902118683
ARHGEF39,0.708238244056702
UBR7,0.70695424079895
CKAP2L,0.706892848014832
TK1,0.70662134885788
SRRD,0.706593096256256
RFT1,0.704926073551178
PKMYT1,0.704095482826233
ERI1,0.703215777873993
ENDOG,0.701517820358276
FAM111A,0.700831949710846
POLA2,0.696868479251862
WDR34,0.695885419845581
PDPK1,0.695495545864105
MTBP,0.694811999797821
TADA3,0.692941725254059
MXD3,0.692636251449585
MCM6,0.691527009010315
PMS1,0.689878106117249
GALNT14,0.687804996967316
POLD3,0.687589168548584
TMEM97,0.687448263168335
SIX1,0.68735134601593
TNFRSF21,0.686866581439972
AASDH,0.686039090156555
NUP85,0.685955166816711
CENPM,0.685355126857758
CLCC1,0.684918522834778
CALHM2,0.684232890605927
XPNPEP1,0.682217299938202
CHAF1B,0.680851995944977
THUMPD3-AS1,0.680699408054352
MMP1,0.679903924465179
SLF1,0.679647922515869
CKS2,0.679489254951477
PDE6D,0.678749680519104
LRG1,0.676838099956513
RFC4,0.675855278968811
ITGB3BP,0.674925804138184
G6PD,0.67395281791687
CNTNAP3B,0.673785209655762
DPPA2,0.673300087451935
ANAPC5,0.672888338565826
THEM6,0.67261815071106
JAGN1,0.671236217021942
TSEN54,0.671180427074432
MGME1,0.670467674732208
HIST1H1B,0.669150829315186
FANCI,0.669072866439819
SRBD1,0.668745338916779
MMGT1,0.668688178062439
TAF5,0.66787725687027
COQ6,0.667140483856201
PTPN20,0.666571497917175
CCDC18,0.666173577308655
FGD5-AS1,0.665205121040344
P3H2,0.664992690086365
SMC6,0.66494357585907
ARHGEF16,0.663774371147156
MTHFD2,0.662171006202698
KIF23,0.661326825618744
DEPDC1,0.660715222358704
GMNN,0.659629464149475
BRCA2,0.658327698707581
NCAPD3,0.65828537940979
PPP1R14C,0.657543361186981
CCDC14,0.657206594944
FAM98A,0.656979203224182
MCM3,0.655447661876679
RCCD1,0.654797434806824
SGOL1,0.653607308864594
EXOC6,0.65357106924057
BID,0.653257310390472
RRM1,0.652412116527557
USP47,0.650629758834839
RFC5,0.650499045848846
ISYNA1,0.649612307548523
NEFH,0.649556219577789
MUTYH,0.648618340492249
HAUS1,0.647907912731171
TACC3,0.647305011749268
RPS13,0.646052837371826
CEP295,0.645868301391602
TJP2,0.645710110664368
HRH1,0.645099759101868
ALG6,0.644987225532532
EXOSC3,0.644765973091126
FAM83D,0.64188027381897
METTL6,0.640617072582245
MTSS1,0.639924645423889
ZNF726,0.639469504356384
MYO19,0.639390051364899
CCDC28B,0.635100901126862
RP11-108M9.4,0.635059416294098
MAD2L1,0.634302377700806
SEC13,0.633704721927643
UROS,0.633497595787048
RCN3,0.63216245174408
TIMM8A,0.6319420337677
VPS52,0.631704986095429
KIF11,0.63009387254715
LMF2,0.629664123058319
RAD51C,0.628906726837158
PUM3,0.628791093826294
KIF15,0.627854645252228
TBC1D5,0.627232491970062
KIAA1524,0.626824021339417
RPA3,0.626230359077454
PET117,0.626179695129395
TKFC,0.626019656658173
HMMR,0.625916540622711
IKBKG,0.625580012798309
CD320,0.625198900699616
C9orf116,0.624999582767487
PTPN18,0.624833524227142
CASP8AP2,0.624286234378815
PARVA,0.622567296028137
HERC5,0.621798813343048
RFC2,0.621771633625031
DNAJC9,0.621291756629944
NSUN6,0.620873272418976
AC013461.1,0.619947254657745
MARC1,0.619766771793366
CYSRT1,0.6195467710495
LIMCH1,0.619084000587463
SLC4A7,0.617275476455689
RBKS,0.616686046123505
CNOT10,0.616012454032898
PPP1R14A,0.615827202796936
TMEM38B,0.614414393901825
COMTD1,0.613496363162994
STARD3,0.612941086292267
DSN1,0.612686216831207
NDUFAF4,0.612591862678528
SGOL2,0.609804809093475
LRR1,0.607805013656616
ZNF414,0.6071457862854
NIFK,0.605751574039459
GIPC2,0.603879034519196
FOXP4,0.601480305194855
INAFM1,0.599183738231659
GCAT,0.598973989486694
PHF11,0.598628461360931
NCAPH,0.597929775714874
RBSN,0.597914755344391
CD68,0.596359372138977
PRPF19,0.595348596572876
POMGNT1,0.594559133052826
NUCB2,0.593567132949829
CCNF,0.593109607696533
IL17RC,0.592553734779358
CAPN7,0.591968357563019
PLA2G16,0.591109097003937
RGS20,0.590760409832001
USP1,0.590128481388092
POP5,0.589990854263306
THAP7,0.589928805828095
NEIL3,0.589420437812805
DPH3,0.589416325092316
CKAP2,0.588905394077301
PLIN2,0.588350355625153
KIF20B,0.588001370429993
EMC3,0.587777256965637
TRIM47,0.587702393531799
CENPQ,0.587592720985413
C9orf142,0.586185097694397
MCM4,0.584807991981506
MSRA,0.582818329334259
DDX55,0.582732498645783
SH3GLB2,0.582344710826874
CKB,0.580936074256897
HJURP,0.579952239990234
SLC5A6,0.579442620277405
EHBP1,0.579070031642914
COQ3,0.578976392745972
SCARB1,0.57871550321579
CDCA3,0.578465282917023
TCF19,0.576699554920197
CENPV,0.576607763767242
FLNA,0.575748205184937
NAGK,0.574049115180969
CYB5A,0.573522984981537
HACD3,0.573505163192749
FAM161A,0.571960508823395
NPRL2,0.571496427059174
C4orf27,0.571141064167023
SMC4,0.570696711540222
SIN3B,0.570606887340546
CHTF18,0.570342004299164
SLC25A22,0.570223271846771
NUP107,0.570040047168732
TPRKB,0.569156467914581
GRAMD3,0.567135453224182
PSRC1,0.566582322120667
NPW,0.566526591777802
RABEPK,0.565847098827362
ANXA10,0.563854217529297
HSPA1A,0.563562512397766
C9orf40,0.563534617424011
GTSE1,0.563459575176239
PRC1,0.563258767127991
ANKRD9,0.563246369361877
RMI2,0.562255918979645
NDN,0.561718344688416
SPAG5,0.561022996902466
PPM1G,0.560805678367615
CDCA7,0.559402525424957
INTS7,0.559323787689209
DIAPH3,0.559280872344971
TUBB,0.559280037879944
CPSF3,0.558512628078461
ALYREF,0.556066453456879
RRP8,0.556030988693237
RNF113A,0.555163264274597
ZDHHC24,0.554534733295441
TMTC4,0.554490506649017
BTG3,0.554397463798523
HRSP12,0.554396629333496
LAMA3,0.553442060947418
ARHGAP18,0.553336381912231
DNMT1,0.55284583568573
SAP30,0.552323222160339
FIBCD1,0.550780057907105
ORC6,0.550699830055237
LYPD3,0.550064921379089
OXLD1,0.549915492534638
GEMIN6,0.549822926521301
NAB1,0.549207985401154
DTNBP1,0.548620045185089
CEP78,0.547873675823212
WEE1,0.547633171081543
WRAP73,0.546957015991211
ACYP1,0.546535491943359
DPH6,0.545472502708435
UHRF1,0.54492199420929
VPS33A,0.542608976364136
ITGAV,0.542548656463623
GALE,0.542451620101929
PDLIM4,0.542382538318634
SERPINB1,0.541849851608276
SCAPER,0.540881872177124
CENPU,0.540354430675507
CHAF1A,0.540304362773895
OSGEP,0.539929747581482
LRP5,0.538380444049835
CEP57L1,0.537814974784851
TYMP,0.537479877471924
EZH2,0.537434995174408
RFC3,0.536537051200867
SNTA1,0.536480128765106
FANCG,0.536470949649811
ABCA5,0.536463022232056
RALY-AS1,0.536128461360931
SFR1,0.535035252571106
RBBP7,0.534927487373352
BLMH,0.534478187561035
ASUN,0.533503115177155
DPM2,0.532421469688416
CRBN,0.531740069389343
MGMT,0.531290531158447
LGALS3,0.530978977680206
MELK,0.529645442962647
NCOA7,0.529217541217804
INF2,0.528267681598663
TUBA4A,0.528257429599762
FANCL,0.528224170207977
SCAF1,0.528126299381256
TMEM5,0.527824521064758
STRBP,0.527757227420807
MRPL15,0.526997864246368
METTL1,0.526729285717011
TMUB1,0.524928390979767
CPT1A,0.524392545223236
NOXO1,0.524272561073303
BRAP,0.524007022380829
NKAP,0.523231565952301
NETO2,0.522006392478943
EIF4EBP2,0.520877003669739
MOCS2,0.520530104637146
PKNOX1,0.520472466945648
DCK,0.519865155220032
NFATC2IP,0.519137501716614
PBK,0.51904559135437
CCNA2,0.518599927425385
TMEM206,0.517525732517242
C11orf58,0.517178177833557
TAF10,0.516720712184906
GCA,0.51610141992569
PLEK2,0.516034662723541
CHEK1,0.515837550163269
FAM162A,0.515550017356873
SPATA33,0.515242993831635
EXOSC8,0.514961361885071
CENPK,0.512517809867859
APOO,0.512468814849854
COMMD4,0.511001408100128
VKORC1,0.510918438434601
UTP3,0.510713517665863
ZNF185,0.510390818119049
MRPL35,0.509904265403748
FARSA,0.509574890136719
GRK6,0.507489442825317
EED,0.506104648113251
AGGF1,0.505515277385712
LTBP3,0.505182445049286
PYCR2,0.504540681838989
PARP2,0.504070580005646
SH3BP5,0.503969669342041
ARPC4,0.503426611423492
HNRNPD,0.50270539522171
KIAA1841,0.50200355052948
CDCA8,0.501765072345734
CYB561D2,0.501189887523651
NCAPH2,0.500623762607575
FAM192A,0.500562489032745
ETFB,0.499860405921936
TTC17,0.499574899673462
CYP20A1,0.499128788709641
TPP2,0.498767346143723
RPL32,0.498735517263413
CDC42EP5,0.498445183038712
RRP9,0.498363345861435
GDA,0.497677713632584
MAD1L1,0.497261613607407
OGFOD2,0.496022254228592
CD47,0.495920866727829
PGP,0.495485574007034
WDR4,0.495279759168625
YLPM1,0.495040148496628
PLCXD2,0.495039075613022
MDFIC,0.495031952857971
CEP55,0.494905382394791
PWWP2B,0.494311630725861
RTKN2,0.493995010852814
OLA1,0.493956178426743
POLR2H,0.493935972452164
CDH13,0.493926405906677
GRK5,0.49389061331749
FAM20C,0.493854075670242
QTRT1,0.493631720542908
TGOLN2,0.493403375148773
ACOT7,0.493363589048386
PNPT1,0.492898970842362
KIF22,0.49285563826561
C19orf48,0.492842435836792
CISD1,0.492740511894226
CENPN,0.491504698991776
CDCA4,0.491450905799866
CENPW,0.491376221179962
AIMP2,0.491203844547272
METTL17,0.490608960390091
GMPS,0.490534842014313
HIST1H1E,0.489133834838867
FUCA1,0.489078760147095
CHD1L,0.488942265510559
PLOD2,0.48870587348938
RAB28,0.487165600061417
HMGA2,0.486469626426697
AGPAT5,0.486070424318314
KIF18A,0.485869348049164
REEP6,0.484783440828323
ATAD5,0.484760671854019
NMRAL1,0.484731525182724
PHLDA2,0.484570860862732
ENG,0.482925325632095
AC007246.3,0.481776267290115
GLA,0.480894088745117
MYH10,0.480712205171585
KRR1,0.480052024126053
PBDC1,0.479797214269638
MIB2,0.479402750730515
MMP24-AS1,0.478966653347015
MFSD14B,0.478657841682434
XRCC4,0.478325098752976
AP1M1,0.478115767240524
MTERF3,0.477906376123428
HES4,0.477897465229034
MAPRE3,0.477747023105621
CDC25C,0.476277410984039
PXMP4,0.476168721914291
CST6,0.475799471139908
GSN,0.475282102823257
PLK1,0.475046843290329
RPGRIP1L,0.474968463182449
CD58,0.474874794483185
GPN3,0.474633663892746
PHF19,0.474589288234711
TOR2A,0.473976224660873
BRE,0.473050862550736
SDHAF3,0.472382187843323
SPAST,0.472340613603592
UCHL3,0.472282141447067
EXOSC2,0.471660494804382
POLR3K,0.470950543880463
FADS3,0.470183551311493
TSPAN5,0.469770818948746
TIPARP,0.469623506069183
STRA13,0.469399034976959
HAUS8,0.469270586967468
MTHFS,0.46914729475975
LYAR,0.468836337327957
ZC3H8,0.468826532363892
RHOG,0.468557238578796
ACER3,0.468514978885651
KPNA2,0.468514561653137
PRKAR1B,0.468341261148453
INHBA,0.467982828617096
BAZ1A,0.466720044612885
AC069277.2,0.466669619083405
SNHG9,0.46567177772522
HOOK3,0.465648800134659
PGAM5,0.46537983417511
RBM4B,0.464931577444077
SMC1A,0.464733719825745
HSPA8,0.463314533233643
APPL1,0.463114231824875
UNG,0.46305575966835
AMDHD2,0.461258500814438
ANXA6,0.461141675710678
AY269186.1,0.461110919713974
APEH,0.460897147655487
CLN6,0.460626810789108
MPC1,0.46036833524704
HIST1H1D,0.460297137498856
MT-ND6,0.459900051355362
MIS18A,0.459405541419983
RANBP1,0.459368079900742
COX14,0.458870202302933
SMC3,0.458705961704254
C21orf58,0.458575069904327
GSTO1,0.458389490842819
PPP1R7,0.458086222410202
CENPL,0.457579642534256
MTHFD1,0.456408172845841
ORMDL1,0.455773651599884
TTF2,0.455045729875565
PRKD3,0.454077899456024
PAICS,0.45404052734375
ATP6V1H,0.453988462686539
TRMT2A,0.45345214009285
UCK2,0.453235447406769
TUBG1,0.453219443559647
PRPF3,0.452904492616653
HPS6,0.452134639024735
CPSF3L,0.451831668615341
TSEN34,0.451507091522217
MLH1,0.451360315084457
NUP88,0.451251000165939
C12orf65,0.451188296079636
NR2C2AP,0.450647085905075
PIK3C2A,0.450416684150696
STK32C,0.450411319732666
BAG1,0.45015761256218
SCLT1,0.450036019086838
KIF4A,0.449773728847504
SUCO,0.449716508388519
POLD1,0.449648916721344
RBP7,0.448112547397614
ASCC1,0.447980254888535
MYH14,0.447837173938751
LRRC45,0.447656601667404
AK1,0.446257561445236
BCYRN1,0.445521712303162
TIMP1,0.444786548614502
SPESP1,0.444711148738861
CD44,0.444536745548248
HMGN5,0.44359877705574
BUB3,0.443368583917618
AAAS,0.442973405122757
AUNIP,0.441517889499664
RBBP4,0.440772652626038
IMPDH2,0.440728724002838
DBF4,0.439858794212341
HACD1,0.439614564180374
GSS,0.438793152570725
HSP90AA1,0.438784658908844
NME1,0.438436210155487
TMEM40,0.437838017940521
ZNF804A,0.436280339956284
SAMD1,0.436023235321045
PPIF,0.436001777648926
HNRNPAB,0.435968339443207
ZDHHC12,0.435817450284958
NUDT22,0.435575991868973
NGLY1,0.435570508241653
NFYB,0.43543553352356
PXDN,0.435229152441025
TMBIM4,0.434630125761032
SPC24,0.43439906835556
VANGL1,0.434065133333206
TUBB2A,0.433858156204224
PPAN,0.433822453022003
THOP1,0.433646708726883
COPB1,0.433366775512695
RABIF,0.432501822710037
ARRDC1,0.432442545890808
LTV1,0.432056903839111
RECQL,0.432052195072174
DERA,0.431997030973434
LIN7B,0.431204587221146
SLC37A4,0.429871439933777
CRELD1,0.429186433553696
PIGF,0.428356260061264
SUZ12,0.427366465330124
CTU2,0.427322924137116
RHOB,0.42717507481575
MLLT4,0.427005976438522
MIS18BP1,0.426708161830902
FAM25A,0.426381945610046
AATF,0.426365852355957
TPX2,0.425948172807694
PLAC8,0.425278216600418
MED31,0.425251215696335
COCH,0.425232321023941
POLR2G,0.425132602453232
DNAJC1,0.424606621265411
C14orf80,0.424282491207123
VWA9,0.424220234155655
METRN,0.423773795366287
NUP35,0.42331874370575
DONSON,0.4230095744133
DHX9,0.422880083322525
IER5,0.422135412693024
FARSB,0.421820610761642
EPHX1,0.421491354703903
AKR7A2,0.421370685100555
ADGRF1,0.421070545911789
SHCBP1,0.420583128929138
SLBP,0.419682115316391
PA2G4,0.419434159994125
S100A6,0.419394075870514
LGALS8,0.419327944517136
CPSF1,0.418365955352783
GBA,0.417711168527603
DUSP14,0.417130649089813
STAG1,0.416969418525696
CENPA,0.415459245443344
HSPA1B,0.415446430444717
RNASEH2B,0.415353268384933
CEBPZ,0.415203630924225
DDT,0.414740175008774
IFRD2,0.414482027292252
TMPO,0.414051502943039
ATG3,0.413989305496216
ORAI1,0.413599401712418
FOXP1,0.41334792971611
MPHOSPH9,0.413132905960083
WDR12,0.413008093833923
RUVBL1,0.412636876106262
PFKL,0.412365823984146
IL6ST,0.412266910076141
KIF21A,0.412064105272293
VPS29,0.411466747522354
IL17RE,0.411196559667587
NHP2,0.410944640636444
B4GALT7,0.410943686962128
CAT,0.410602599382401
RC3H2,0.410485446453095
CASC8,0.41034135222435
B3GAT3,0.409586727619171
SPCS3,0.409075736999512
KIAA1586,0.409065008163452
SUPV3L1,0.408414900302887
LAP3,0.408397197723389
PHF5A,0.407495439052582
EEA1,0.406200915575027
RNF144B,0.406112611293793
CTNNAL1,0.405979096889496
IER3,0.405961275100708
ATP5G1,0.405801504850388
IFNGR1,0.405547350645065
SSBP4,0.404871046543121
CHCHD7,0.404455423355103
CCDC34,0.404454827308655
FAM98B,0.404183089733124
CALML5,0.404058039188385
PARP1,0.403939515352249
XPC,0.40388098359108
TCOF1,0.403768420219421
CITED4,0.403001546859741
KATNAL1,0.402963370084763
SVIP,0.40275838971138
MANF,0.402500480413437
LMNB2,0.401943385601044
PRIM2,0.401911526918411
PAX6,0.401889711618423
CYBA,0.400761127471924
DNAJA1,0.400400310754776
YPEL3,0.399680763483048
MRPL57,0.399528086185455
JOSD2,0.399192959070206
CSTF3,0.399126172065735
TMEM107,0.399078160524368
SRM,0.398941606283188
MRPL39,0.39879035949707
TRAPPC2L,0.398228764533997
PITHD1,0.398094743490219
ATIC,0.397896349430084
WRAP53,0.39773890376091
PHYH,0.397510051727295
GATC,0.397413969039917
CKS1B,0.397265613079071
NPM3,0.397207796573639
SF3A3,0.397179991006851
MRPS6,0.396548479795456
ISG20L2,0.396517008543015
ATP5G3,0.396423518657684
MCU,0.39622113108635
CWC25,0.396184474229813
SUPT16H,0.39609694480896
CISD3,0.39555811882019
SMCO4,0.395168721675873
SMIM19,0.394990116357803
BTBD10,0.394683212041855
C6orf136,0.394321590662003
FTSJ1,0.394072741270065
RNF168,0.393882691860199
C1GALT1C1,0.393819659948349
PTRH2,0.393720954656601
ACD,0.393000811338425
PDCD2L,0.392852425575256
DDX39A,0.392815053462982
NQO2,0.392595678567886
SLC25A17,0.391946315765381
NAA25,0.391932338476181
ADRB2,0.391849398612976
TOR3A,0.391527265310288
TSTD1,0.39125183224678
LACTB2,0.391130685806274
NUDT5,0.390393108129501
SPRYD7,0.389433592557907
PREB,0.389319509267807
CCT2,0.38920846581459
FDX1,0.38913094997406
ATP2B1,0.388892620801926
ST6GALNAC4,0.388374239206314
TEAD1,0.388239979743958
C16orf91,0.387605428695679
NIT1,0.387454748153687
POLR3H,0.387317925691605
RACGAP1,0.387043595314026
ASXL1,0.386977821588516
HUS1,0.386584579944611
NAE1,0.386573910713196
HYI,0.386090844869614
CMSS1,0.38606196641922
ATOX1,0.3856620490551
PSMG1,0.385480672121048
UTP18,0.385247886180878
CENPF,0.385206967592239
YDJC,0.384887665510178
C1QBP,0.384825140237808
NF2,0.38475900888443
HNRNPA3,0.384665846824646
CTPS1,0.384369134902954
BOLA1,0.3837970495224
EPRS,0.383545637130737
UCK1,0.383483588695526
LINC01615,0.382639944553375
C7orf55,0.382583856582642
RPA2,0.382197916507721
SIGMAR1,0.382076859474182
FUOM,0.381908297538757
TSR1,0.381421834230423
CETN3,0.380863159894943
CYB5R4,0.380403876304626
SERPINB2,0.380299210548401
SIGIRR,0.379730731248856
TXLNG,0.3796726167202
SEPT9,0.379454880952835
HOOK1,0.37910521030426
PFKP,0.37886369228363
RAF1,0.378537267446518
H2AFZ,0.378530532121658
ASNS,0.377951055765152
MFSD12,0.377688854932785
DARS,0.377569794654846
PSME2,0.377341091632843
RNASEH2C,0.377058804035187
UTP23,0.376577913761139
UMAD1,0.37612122297287
C1orf123,0.375547140836716
VSIG10,0.375360935926437
ZWILCH,0.37522029876709
FUS,0.3749018907547
CHCHD10,0.374177485704422
GTF2F2,0.373968660831451
C1orf35,0.373287975788116
FADD,0.373110622167587
SSB,0.37253811955452
RPP40,0.371575444936752
PDHX,0.371250092983246
CLK3,0.371221542358398
TMEM39B,0.371007919311523
CUTC,0.370935171842575
EFHD2,0.370097994804382
HSPA14,0.369422882795334
SDF2L1,0.36908370256424
RSRC1,0.368275284767151
SCOC,0.36811637878418
RAB35,0.367940843105316
TAF15,0.367215305566788
CSE1L,0.367195218801498
AIMP1,0.367193192243576
GRPEL1,0.36470639705658
DCTPP1,0.364687353372574
PPA1,0.364545255899429
ID4,0.364506304264069
RMDN1,0.364498287439346
LHFP,0.3644640147686
ADPGK,0.364029854536057
FXN,0.363659799098969
PPP1R35,0.362819880247116
HSPD1,0.362300574779511
RIOK1,0.360900044441223
DNAJC15,0.360436856746674
CHORDC1,0.359921723604202
MICALL2,0.359424918889999
LUC7L,0.359149217605591
LYPLA1,0.358797430992126
CCDC174,0.358767926692963
NUP37,0.358627796173096
TEX261,0.358516931533814
PSMA3,0.358514368534088
ARL13B,0.35849991440773
TRMT6,0.358452916145325
FAM234A,0.358075827360153
ACTL6A,0.358014404773712
GGCX,0.357818752527237
HMCES,0.35711020231247
OIP5,0.356828689575195
SMCHD1,0.356563359498978
KIF1BP,0.356150567531586
IMPA2,0.35586678981781
COMT,0.355128914117813
BRAT1,0.355008274316788
MAT2A,0.354327172040939
MNAT1,0.353960901498795
CEP290,0.353743880987167
DHRS7B,0.35352087020874
SMC5,0.352966815233231
PSMG4,0.352715730667114
CTNNBIP1,0.352347046136856
FAM136A,0.351873934268951
WDR43,0.351648390293121
CDC5L,0.351259917020798
PSME3,0.350918173789978
RBPJ,0.350711077451706
DRG1,0.350549161434174
APITD1,0.350535690784454
PAK1,0.350139498710632
HSD17B8,0.349136263132095
HSPB11,0.348576217889786
UBXN4,0.348542749881744
C9orf114,0.348516792058945
ACAT2,0.348188787698746
CNOT1,0.347755998373032
MAD2L2,0.347739160060883
URI1,0.347658276557922
ING1,0.347450435161591
VPS25,0.347419857978821
CDK4,0.347293585538864
C12orf29,0.347256392240524
FARS2,0.347092270851135
FH,0.3469497859478
CARHSP1,0.346818268299103
ADORA2B,0.346601903438568
FABP5,0.346434772014618
RNF20,0.345967620611191
TRAP1,0.345943421125412
SNRPD1,0.345880478620529
POLE3,0.345838338136673
AIP,0.345221549272537
ACADVL,0.345200031995773
PCK2,0.344920963048935
PSMD12,0.344584912061691
SYTL1,0.344537526369095
PDCD7,0.344518899917603
PRSS16,0.344513952732086
SRSF10,0.344499528408051
SPRYD4,0.344088792800903
NOP56,0.344013512134552
PPIG,0.34391325712204
SRRM2,0.343857109546661
WDHD1,0.343498468399048
TRMT11,0.343493103981018
CASC5,0.343249648809433
RSBN1L,0.343017339706421
CDKN2D,0.342579454183579
QSOX1,0.340734392404556
FOS,0.340601921081543
TMEM255B,0.340530008077621
THUMPD2,0.3403400182724
NIT2,0.340294808149338
DCXR,0.340129375457764
GGCT,0.339945733547211
C1orf131,0.339762151241303
ID2,0.339396178722382
SUV39H2,0.339333564043045
ARL6IP6,0.339085459709168
PAK1IP1,0.338648289442062
NRM,0.338558822870255
CDC25B,0.338018387556076
SSFA2,0.337814956903458
PSMD14,0.337490171194077
SNRNP48,0.33697634935379
GALNT1,0.335837006568909
RBMX,0.335179299116135
SLC4A1AP,0.334745794534683
ERGIC2,0.33439889550209
FPGS,0.333406746387482
GMCL1,0.33295750617981
SETD5,0.332390904426575
EBNA1BP2,0.331675618886948
VARS,0.331426411867142
ORC3,0.33137434720993
ARL6IP1,0.331371039152145
CBR3,0.331264227628708
NIPSNAP3A,0.331256091594696
IVNS1ABP,0.331242024898529
ANP32B,0.331240653991699
ALAD,0.330856144428253
TFDP1,0.330700129270554
HSPA5,0.330654561519623
CTDSPL,0.330589383840561
SLC25A4,0.33031040430069
BCL7B,0.329844206571579
PIGP,0.329285889863968
IMMP1L,0.328993171453476
GTF2H5,0.32891708612442
SLC25A5,0.328891068696976
NELFE,0.328717559576035
PLEKHJ1,0.328455537557602
INO80C,0.328429758548737
AURKA,0.328372269868851
RBM28,0.328349441289902
TOMM40,0.327772676944733
CTGF,0.327583700418472
CENPH,0.327154219150543
PRDX2,0.326985388994217
WDR75,0.326952993869782
HIBCH,0.32684201002121
MRPL22,0.326558113098145
ABHD14B,0.326416015625
ROCK2,0.326048910617828
PIGS,0.324860990047455
RPF2,0.324789494276047
PMVK,0.32477667927742
PMM1,0.32467445731163
C15orf41,0.324629724025726
MBNL1,0.323313772678375
ATAD3A,0.323236584663391
TFAM,0.323138356208801
BIRC5,0.322866022586823
MRPS2,0.322755753993988
DEK,0.322313219308853
PSMD1,0.322301596403122
CHMP2B,0.322124421596527
ARL8B,0.321935921907425
KIF3B,0.32192873954773
MKNK1,0.321383684873581
SLC9A3R1,0.32127833366394
HADH,0.321004658937454
TMEM109,0.320527374744415
TMEM70,0.320516318082809
NSMCE4A,0.32043930888176
NT5C,0.320326507091522
NCLN,0.320025146007538
CIR1,0.319781899452209
EZR,0.319461345672607
SERINC2,0.319427907466888
CALM2,0.319209605455399
E2F4,0.318623185157776
CHTF8,0.318395435810089
GART,0.317732453346252
PRPSAP1,0.31737408041954
BCL2L12,0.316678255796433
CCDC59,0.316091775894165
UTP11L,0.315878570079803
MRRF,0.315228581428528
CYC1,0.314842402935028
CSRP2,0.314634323120117
CAMTA1,0.314392268657684
PRKRIR,0.3143470287323
FIP1L1,0.313857197761536
NSMCE2,0.313682228326798
GAS6,0.313252925872803
USP48,0.313037604093552
AC009005.2,0.312719166278839
NDUFV1,0.312680751085281
GOPC,0.312467277050018
FEZ2,0.312466412782669
IMP4,0.312449842691422
EMP2,0.312305241823196
MIF4GD,0.311897218227386
RNASET2,0.311825603246689
SNRNP70,0.311811834573746
SMURF2,0.311457097530365
SYCE1L,0.311420381069183
PNO1,0.311294943094254
FBXW5,0.311144471168518
CMC1,0.310933023691177
PTBP1,0.310712873935699
RPP25,0.310665160417557
ATP6V0D1,0.31033930182457
PDCL3,0.310329258441925
PLEKHA3,0.309508562088013
DDX18,0.309456944465637
PSMC2,0.309303045272827
TMX1,0.309174954891205
SCCPDH,0.309043496847153
MCFD2,0.308994024991989
CHD1,0.308300316333771
MRPS16,0.308213323354721
SRSF3,0.307588160037994
HOOK2,0.307523041963577
RBM25,0.307073414325714
PAPSS1,0.306714504957199
TEAD4,0.306663155555725
NT5DC1,0.305500268936157
NDUFB2,0.305343270301819
RUSC1,0.305278420448303
ARL2BP,0.305021971464157
EBP,0.304767906665802
ISG15,0.30430993437767
GLS,0.304123252630234
CDC42EP3,0.303899496793747
RNF8,0.303766667842865
CDK11B,0.303746730089188
TMEM14B,0.303718984127045
UQCRC2,0.303686708211899
CCT8,0.30361270904541
NDUFA8,0.303492784500122
GPAA1,0.303419709205627
ANLN,0.303408265113831
TMEM261,0.302974462509155
PCM1,0.302942514419556
UBE2S,0.302467226982117
RPL39L,0.302239298820496
ERRFI1,0.302041113376617
MDH1,0.301822274923325
KATNBL1,0.30139833688736
CHMP4A,0.301395565271378
SLC7A5,0.301238656044006
VGLL4,0.301194965839386
LAS1L,0.300676971673965
MRPL41,0.300478667020798
PCCB,0.299946308135986
ERO1A,0.299515664577484
DDX21,0.299477577209473
DEGS1,0.299329251050949
MAGOHB,0.299241364002228
NAT10,0.299141794443131
PTGES2,0.298945426940918
CHPF,0.298895061016083
BARD1,0.298767000436783
RXRA,0.29869556427002
RP11-545E17.3,0.298347651958466
FUCA2,0.297957509756088
EGFL7,0.29780837893486
GINM1,0.297656297683716
ECI1,0.296621680259705
TGFBR3L,0.296448856592178
CDK5RAP3,0.296274691820145
PDXK,0.29596009850502
ARL3,0.295792758464813
DDX41,0.294733971357346
ATAD1,0.294216901063919
C19orf60,0.293913275003433
MAN1B1,0.293614894151688
TAOK3,0.29327717423439
ALG5,0.292994052171707
MDFI,0.292680829763413
SRP54,0.292550891637802
MRPL21,0.292384445667267
HARS,0.292222321033478
BOP1,0.291848450899124
HLTF,0.291324198246002
THYN1,0.290931105613709
ATP6V1D,0.290720224380493
PDCD5,0.290663182735443
NXT1,0.290520787239075
GNPNAT1,0.290460020303726
NOL8,0.290357559919357
MTX2,0.290321856737137
LSM8,0.290158480405808
TRABD,0.289964497089386
ACAP2,0.289516568183899
UCP2,0.289263039827347
UBE2N,0.28909707069397
SUGT1,0.289095491170883
PTRH1,0.288405895233154
HNRNPF,0.288299471139908
RHOT2,0.28799632191658
EXOSC1,0.287867695093155
POP7,0.287824273109436
TCHP,0.287741094827652
NDUFB1,0.287173002958298
DPY30,0.287141174077988
CHCHD3,0.286918759346008
DCTD,0.286828339099884
UPK1B,0.286374300718308
HSP90B1,0.286123901605606
PTHLH,0.286048889160156
EIF4A3,0.2856425344944
C19orf70,0.285363554954529
TRMT10C,0.285270303487778
CD2AP,0.285031199455261
C1D,0.285010546445847
GAL,0.284895092248917
NPDC1,0.284483373165131
PDHB,0.284099042415619
SPAG1,0.28401118516922
NTMT1,0.283521801233292
UBAC1,0.283488690853119
ATRAID,0.283147424459457
CENPE,0.28292179107666
STAMBP,0.282854467630386
USB1,0.282768666744232
ARL2,0.282680839300156
RRP1,0.282672852277756
SQLE,0.282672643661499
CISD2,0.282558798789978
SF3B2,0.282328635454178
KAT8,0.282125592231751
FAM173A,0.282033830881119
XRCC5,0.281787633895874
KRTCAP2,0.281739711761475
ADRM1,0.281504452228546
TRIM7,0.281209200620651
CCT6A,0.281019985675812
KNSTRN,0.280730456113815
GAMT,0.280500084161758
MEA1,0.279874861240387
ACAA1,0.279657244682312
SF3B4,0.279359728097916
MED27,0.279237747192383
UGP2,0.279087156057358
SPECC1,0.27867516875267
SNRNP35,0.278185218572617
HMOX2,0.278026282787323
SPTLC2,0.278017640113831
MINOS1,0.277804791927338
TMC6,0.277478516101837
YEATS4,0.277264535427094
BNIP3,0.277211844921112
PCDH7,0.277031898498535
HTRA2,0.276887089014053
HAGHL,0.276830285787582
PSMA4,0.276416212320328
EIF2S1,0.275728106498718
SNRPA,0.275195240974426
DDX46,0.275061130523682
TOMM5,0.274950444698334
WDR33,0.274903386831284
BOLA3,0.274496346712112
SLC25A1,0.274330794811249
WRNIP1,0.274301528930664
ALDH2,0.273709148168564
SDHB,0.273292720317841
AK2,0.272456109523773
UFD1L,0.272187203168869
REXO4,0.272029548883438
SRSF8,0.271799892187119
PMF1,0.271712303161621
TMEM141,0.271624505519867
ARPC5L,0.271622836589813
CRIP1,0.271455496549606
RPP30,0.27138352394104
TMEM160,0.271322131156921
BCAS2,0.271314471960068
PDCL,0.271220833063126
LRRFIP2,0.27098223567009
TPP1,0.270841658115387
KHSRP,0.270435273647308
DDA1,0.270272344350815
GLO1,0.27024182677269
PPP1R10,0.270096242427826
NOP16,0.270062983036041
TWISTNB,0.270062536001205
TMEM18,0.269852072000504
NDUFA6,0.269549459218979
COPS6,0.269529849290848
WBSCR22,0.26946559548378
TERF1,0.2694491147995
ATL2,0.269374191761017
TROVE2,0.26843073964119
UPF3B,0.267816215753555
SELM,0.267731904983521
C17orf89,0.267508655786514
GADD45A,0.267475932836533
C12orf45,0.267406612634659
TIMM10B,0.266654580831528
NDUFAB1,0.266500383615494
MRPL40,0.266164839267731
C8orf76,0.26598858833313
CHCHD1,0.265334576368332
EEF1B2,0.265311628580093
NPEPPS,0.265086561441422
CBX5,0.264851093292236
PTPN1,0.26457005739212
LARP7,0.264429003000259
MAL2,0.264249533414841
SSRP1,0.263613551855087
PCBD1,0.263290852308273
NR2F2,0.262939244508743
HINT2,0.262684375047684
THBS1,0.262458801269531
F12,0.262207299470902
ASAP2,0.262193471193314
RAD50,0.261942863464355
APP,0.261923015117645
EHMT1,0.261761486530304
MRPS22,0.261684060096741
TLK1,0.26149109005928
C9orf78,0.261434376239777
CAMK2N1,0.261424899101257
IMMT,0.261208415031433
MALSU1,0.261161237955093
TSPAN4,0.260496884584427
MRTO4,0.260485678911209
P4HA2,0.260352313518524
PSMD7,0.260181248188019
HMGB1,0.260146707296371
CDC40,0.259981513023376
EIF4EBP1,0.259780615568161
GTF3C5,0.259576976299286
TMED1,0.259426862001419
GRHPR,0.259287685155869
CCT4,0.259166777133942
NSMCE1,0.259005963802338
MYC,0.258974552154541
GAR1,0.258810788393021
NUP62,0.25871554017067
LSM2,0.258455574512482
MRPL27,0.258446097373962
ID3,0.258384346961975
EML4,0.258087784051895
RANGRF,0.258072525262833
DPM1,0.258009731769562
SIVA1,0.257893115282059
LDHA,0.257688105106354
RAB10,0.25767919421196
CD3EAP,0.257238775491715
MPV17,0.257128983736038
PEMT,0.256776601076126
C6orf1,0.256727755069733
ZDHHC4,0.256582617759705
PNP,0.256257206201553
SNRPG,0.256197899580002
MTIF2,0.255499511957169
MRPS21,0.255489349365234
PRELID3B,0.255203604698181
MFSD10,0.255098253488541
GMDS,0.254574120044708
PUSL1,0.25416973233223
ARPC1B,0.253478705883026
SCAMP2,0.253432810306549
MSH6,0.253139793872833
BCAP29,0.253123700618744
PLP2,0.252869695425034
PPIH,0.252688944339752
PSIP1,0.25233668088913
COPS5,0.252254992723465
NDUFS3,0.252104878425598
RER1,0.251848042011261
SERPINB6,0.251711666584015
SNX5,0.251158028841019
DKK1,0.250843107700348
TMEM60,0.250346511602402
SNRNP25,0.250273019075394
SEC63,0.250037223100662
NCAPD2,0.249962523579597
ATP6V1F,0.249678835272789
CCDC109B,0.249606803059578
SUDS3,0.249330163002014
SMARCC1,0.248982936143875
HN1,0.248665481805801
ILK,0.248152285814285
PRR34-AS1,0.247744798660278
GSDMD,0.247562631964684
HNRNPU,0.247401505708694
MLX,0.246992379426956
TMEM106C,0.246866777539253
PLA2G12A,0.246373265981674
UCHL5,0.24586121737957
THOC6,0.245702177286148
KLHL42,0.245129242539406
DDX24,0.244916468858719
CMC2,0.244908809661865
SYNGR2,0.244908213615418
FAM64A,0.244720011949539
ATP1B1,0.24462553858757
FAIM,0.244547173380852
H2AFX,0.244266137480736
PMPCB,0.244097262620926
C19orf24,0.243688240647316
PHF14,0.242794796824455
NOL10,0.242486149072647
TMEM214,0.242339372634888
AIFM2,0.242116242647171
FAM107B,0.241660743951798
C2orf74,0.241658434271812
SLC3A2,0.241268485784531
MAPK13,0.24118660390377
MRPS11,0.240999922156334
CSTB,0.240145772695541
LSM4,0.240094915032387
EPC1,0.239978939294815
SLC25A11,0.239857479929924
ALG3,0.239517062902451
SAP18,0.239037200808525
SEPHS1,0.238698154687881
PMPCA,0.238406896591187
FAM71E1,0.238269209861755
LYPLAL1,0.237739935517311
TMEM205,0.23758202791214
FBXO9,0.237313091754913
DDX54,0.23718835413456
EPCAM,0.237171813845634
MCUR1,0.236424267292023
TOP1,0.236308678984642
U2AF2,0.235721215605736
SAMD11,0.2356286495924
AMD1,0.235012799501419
CDC37,0.234913319349289
IARS,0.234728008508682
RBX1,0.234686404466629
EIF3A,0.234408304095268
MRPL16,0.234330803155899
CDC27,0.234260782599449
CCDC85B,0.234229430556297
EIF3B,0.233500272035599
MRPL24,0.23342864215374
SMARCA5,0.233306437730789
MRPS30,0.232937663793564
SNRPB,0.232792407274246
LSM6,0.232308268547058
KCMF1,0.232257381081581
CFAP97,0.232128635048866
PIGX,0.231866359710693
PRPF31,0.231494069099426
ACADM,0.23126532137394
KRIT1,0.231177017092705
SPTSSA,0.230887249112129
POLR2I,0.230754256248474
RALY,0.230689600110054
PYGL,0.230441555380821
PSMC5,0.230275422334671
MALL,0.23000331223011
DDX42,0.229852810502052
ISCA2,0.229802623391151
CHD4,0.228867679834366
NEK2,0.228857576847076
AKAP12,0.228786811232567
MED19,0.228146582841873
PSAT1,0.228030368685722
PHPT1,0.227731809020042
PAFAH1B3,0.227102562785149
SEPT11,0.22706350684166
EIF4A1,0.226886227726936
CCDC47,0.226875826716423
DNPEP,0.226535141468048
HAGH,0.226354420185089
TXNL1,0.226110875606537
RRAS2,0.22525192797184
ALG8,0.224675208330154
COX5A,0.224628373980522
CCDC25,0.22439669072628
EAPP,0.224322333931923
SRSF9,0.224255338311195
SLU7,0.223711892962456
ZNF638,0.223623856902123
TXNDC17,0.223616346716881
CFAP20,0.223408177495003
SSBP1,0.223220571875572
RFC1,0.223115399479866
YWHAH,0.223064497113228
SAMM50,0.222457706928253
GCSH,0.221483305096626
C21orf59,0.221235528588295
METTL23,0.221089377999306
IARS2,0.220902934670448
SAC3D1,0.220739185810089
MRPL32,0.220706179738045
FBXO22,0.220564156770706
C19orf43,0.220390811562538
PRR13,0.220369681715965
FBLN1,0.220237478613853
COPS3,0.220218434929848
MRPL18,0.219975054264069
SNX17,0.21978896856308
SYNCRIP,0.219498157501221
BMS1,0.219207242131233
OXR1,0.219011977314949
CACYBP,0.218467265367508
TXN,0.21836856007576
PSMG3,0.218354195356369
AURKAIP1,0.218044117093086
ADI1,0.217788308858871
GGH,0.217566177248955
GGNBP2,0.217555120587349
MTCH2,0.217545285820961
TIMM8B,0.217398807406425
SBDS,0.217251256108284
NUDT1,0.217021718621254
ARPC3,0.216895386576653
BCAT2,0.216798365116119
NOLC1,0.216759875416756
BCCIP,0.216442063450813
WBP11,0.216346859931946
DRG2,0.216341808438301
PPP1CA,0.216062232851982
NOL11,0.215519592165947
CLPP,0.215276792645454
BAX,0.214812129735947
PSMB4,0.214597135782242
TOLLIP,0.214524313807488
EDF1,0.21428781747818
UMPS,0.214287385344505
POLR2L,0.214109435677528
MRPL42,0.21377669274807
OSTF1,0.213506475090981
ECHS1,0.213000148534775
CUTA,0.211959913372993
SRRM1,0.21195176243782
C20orf24,0.21177414059639
SNRPF,0.211770445108414
ACAT1,0.210459515452385
FIBP,0.210303336381912
FOSL2,0.209736868739128
KLF10,0.209693267941475
SLC39A4,0.209360271692276
RTN3,0.209219798445702
TIMM10,0.208788886666298
COX15,0.208571225404739
SNRPE,0.208246603608131
TMEM219,0.207129046320915
FAAP20,0.206933289766312
TMEM256,0.206896513700485
ASNSD1,0.20657867193222
C11orf1,0.206301048398018
LRPAP1,0.205975770950317
SUCLG1,0.205580532550812
AP2S1,0.205532163381577
STAU1,0.205333039164543
ARFIP2,0.205019041895866
ROMO1,0.204913169145584
APRT,0.204737097024918
ERI3,0.204322025179863
METTL5,0.20414525270462
POLE4,0.203873932361603
NOL7,0.202757284045219
NDUFAF2,0.202630385756493
CLIC4,0.202230527997017
MRPL20,0.201733559370041
MGST2,0.201629623770714
DNASE2,0.201621204614639
RAN,0.201280906796455
POP4,0.200928881764412
DDX50,0.200503811240196
HADHB,0.200095012784004
AAK1,0.200061589479446
SNRNP40,0.199957132339478
EEF1E1,0.199939161539078
PYCR1,0.199803531169891
ATP5J,0.199791669845581
SHMT2,0.19932596385479
MPHOSPH10,0.198699414730072
POLR2K,0.198583990335464
SF3B6,0.198569685220718
TCERG1,0.198563277721405
HSP90AB1,0.198418125510216
KLF6,0.198246091604233
ADIRF,0.198125272989273
FBXO7,0.198043629527092
DHX15,0.196919649839401
MRPL33,0.196907132863998
ARL5A,0.196286216378212
MRPL37,0.195827946066856
MPC2,0.195732668042183
PTS,0.19548587501049
FAM96B,0.195480689406395
UPF2,0.195404455065727
ZNF593,0.194529861211777
SNU13,0.194385573267937
PCBP1,0.193594962358475
BLOC1S2,0.193555146455765
SON,0.193510502576828
UNC50,0.193497747182846
CLTB,0.193321496248245
TUFM,0.193257242441177
C8orf59,0.1927500218153
DNAJB11,0.192644238471985
SRSF7,0.192556887865067
MRPS31,0.192348182201386
ADSS,0.192293122410774
MDH2,0.192193686962128
SEC11A,0.192185193300247
SURF2,0.191903993487358
DENR,0.191314235329628
HMG20B,0.191241979598999
CALM1,0.190353497862816
DCAF13,0.189666822552681
PNKD,0.189429759979248
TMEM230,0.189424008131027
RPL26L1,0.18934553861618
KPNB1,0.188846290111542
ZNF326,0.188824519515038
VDAC3,0.188807293772697
SMARCB1,0.188531786203384
HSPH1,0.188148975372314
BDP1,0.188147127628326
CHID1,0.187783971428871
EIF2B4,0.187744960188866
MZT1,0.187336325645447
TRAPPC4,0.187296479940414
MRPS5,0.187015116214752
PDHA1,0.186873659491539
COPRS,0.186826199293137
RDX,0.185803279280663
C14orf166,0.185490161180496
SQRDL,0.184946537017822
COQ4,0.184282302856445
MESDC2,0.183320388197899
PYURF,0.183035910129547
ATP5H,0.181409657001495
IMP3,0.181261941790581
MAPRE1,0.181161776185036
HMBS,0.181053757667542
TPR,0.180998980998993
TXN2,0.180975422263145
ANAPC11,0.180831253528595
RPL36A,0.180702939629555
LDHB,0.180396690964699
PRDX4,0.180312752723694
C9orf16,0.179751858115196
NAPRT,0.179590076208115
RBM17,0.179361656308174
SF3B5,0.179057314991951
NCL,0.178891271352768
SLC39A3,0.178834185004234
BAG3,0.177688211202621
EMC7,0.177208632230759
CLNS1A,0.177137240767479
SNRPB2,0.176782056689262
LGMN,0.176517650485039
C4orf48,0.176350951194763
C11orf73,0.17627227306366
RNF187,0.176054462790489
NDUFV2,0.17485386133194
TRA2B,0.174251452088356
RBM8A,0.17351059615612
DNPH1,0.173448324203491
DPP7,0.173010602593422
NUDT14,0.172733917832375
CTSL,0.172306448221207
CD55,0.172201737761498
BUD31,0.172184437513351
RWDD1,0.171607434749603
GLRX3,0.169962286949158
PSMD4,0.169805884361267
ARL6IP4,0.169688180088997
SLC52A2,0.169474467635155
GTF2A2,0.167734727263451
PARK7,0.167734488844872
MLEC,0.167232155799866
IRF3,0.166711688041687
SLIRP,0.16587507724762
MRPL14,0.165862485766411
SERBP1,0.165448427200317
ITGA6,0.165031626820564
FAM207A,0.164747983217239
NUDC,0.164699375629425
PRKDC,0.164469316601753
PSMB7,0.163929209113121
ZNF511,0.162418827414513
PYCARD,0.162255570292473
COA6,0.161676034331322
TMEM14C,0.161615669727325
GPX1,0.160749956965446
APLP2,0.159981802105904
MRPS34,0.159231662750244
APIP,0.159155830740929
LINC00493,0.159028291702271
TPI1,0.158140584826469
RPS19BP1,0.15796186029911
TCP1,0.157118424773216
RPL12,0.155830249190331
MCTS1,0.154606342315674
DRAP1,0.15457721054554
EIF6,0.154033303260803
RPN2,0.153278112411499
SRPK1,0.152274012565613
PHB,0.152192309498787
NDUFB3,0.151773750782013
PSMD11,0.151745200157166
NDUFA12,0.151733860373497
FDPS,0.150610730051994
ERLEC1,0.149796798825264
ESD,0.149298518896103
PSMB3,0.148170307278633
CST3,0.147768318653107
HSPE1,0.147574752569199
UQCR11,0.145162388682365
UQCRQ,0.145124599337578
CTSB,0.144709035754204
CHCHD2,0.144111111760139
SOD1,0.144039466977119
RHEB,0.143844157457352
PSMA7,0.142492055892944
SFT2D1,0.142436176538467
PSMG2,0.142170414328575
RPL35,0.141671970486641
EIF3K,0.141392648220062
NAA38,0.140604376792908
HDAC2,0.140468508005142
SNRPD3,0.139499962329865
CTSC,0.139338970184326
MRPL51,0.137904122471809
POLD2,0.137551248073578
ACTR3,0.136171385645866
ERH,0.13591206073761
ILF3,0.135255813598633
PGAM1,0.13516116142273
RPS27L,0.135049551725388
STIP1,0.135045453906059
CCT3,0.134945064783096
BTF3L4,0.133607611060143
DDX5,0.133005544543266
C16orf13,0.132376283407211
EIF2S2,0.131595566868782
TMEM258,0.129868611693382
PSMC3,0.1279127150774
FAU,0.127836734056473
COTL1,0.124910920858383
DYNLL1,0.124835483729839
TRAPPC1,0.124584130942822
DDOST,0.123807683587074
YWHAB,0.123373158276081
PXMP2,0.122087582945824
SSNA1,0.1219177916646
COX8A,0.121337719261646
TRMT112,0.12128558754921
HMGA1,0.120180726051331
UQCRFS1,0.120170168578625
PSMB1,0.119188271462917
HNRNPR,0.118486665189266
COX20,0.118293486535549
COX4I1,0.117758594453335
ATP5O,0.117407143115997
LGALS3BP,0.116883404552937
PFDN2,0.115809537470341
GTSF1,0.114733494818211
ACTB,0.112919889390469
ARHGDIA,0.112805739045143
COPE,0.111391216516495
TMEM50A,0.111096672713757
EIF5,0.110241189599037
PRELID1,0.108209989964962
NDUFB9,0.104894690215588
NOP10,0.102839604020119
XRCC6,0.0986891910433769
ATP5D,0.0984943881630898
TALDO1,0.0970316678285599
KRT8,0.0968454629182816
OST4,0.096062995493412
ATP5B,0.0917157158255577
RPS18,0.0913706198334694
COX5B,0.0911250039935112
ATP5C1,0.0840988010168076
GUK1,0.0815890580415726
PTMA,0.0773207694292069
NDUFC2,0.0695003494620323
RAC1,0.0673434659838677
RPL29,0.0574413947761059
RPS3,0.0498317778110504
